timestamp,object_id,motion_state,range_m,azimuth_deg,elevation_deg,x,y,z,vRel,snr,direction,classification
2025-07-31T17:07:52.925902,HUMAN_20250731_170752_17,MOVING,4.64,-8.452708282442458,0.18802653977111974,-2.53,3.89,0.02,0.12,2.0,LEFT,HUMAN
2025-07-31T17:07:53.305808,HUMAN_20250731_170753_17,MOVING,4.64,-8.452708282442458,0.18802653977111974,-2.53,3.89,0.02,0.12,2.0,LEFT,HUMAN
2025-07-31T17:07:53.654726,HUMAN_20250731_170753_17,MOVING,4.64,-8.452708282442458,0.18802653977111974,-2.53,3.89,0.02,0.12,2.0,LEFT,HUMAN
2025-07-31T17:07:54.070927,HUMAN_20250731_170754_17,MOVING,4.64,-8.452708282442458,0.18802653977111974,-2.53,3.89,0.02,0.12,2.0,LEFT,HUMAN
2025-07-31T17:07:54.454970,HUMAN_20250731_170754_17,MOVING,4.64,-8.452708282442458,0.18802653977111974,-2.53,3.89,0.02,0.12,2.0,LEFT,HUMAN
2025-07-31T17:07:54.805612,HUMAN_20250731_170754_17,MOVING,4.64,-8.452708282442458,0.18802653977111974,-2.53,3.89,0.02,0.12,2.0,LEFT,HUMAN
2025-07-31T17:07:55.169676,HUMAN_20250731_170755_17,MOVING,4.64,-8.452708282442458,0.18802653977111974,-2.53,3.89,0.02,0.12,2.0,LEFT,HUMAN
2025-07-31T17:07:55.519009,HUMAN_20250731_170755_17,MOVING,4.64,-8.452708282442458,0.18802653977111974,-2.53,3.89,0.02,0.12,2.0,LEFT,HUMAN
2025-07-31T17:07:55.864050,HUMAN_20250731_170755_17,MOVING,4.63,-8.552813612510251,-0.0003980446619072401,-2.56,3.86,-0.0,0.16,2.0,LEFT,HUMAN
2025-07-31T17:07:56.227543,HUMAN_20250731_170756_17,MOVING,4.63,-8.552813612510251,-0.0003980446619072401,-2.56,3.86,-0.0,0.16,2.0,LEFT,HUMAN
2025-07-31T17:07:56.574028,HUMAN_20250731_170756_17,MOVING,4.62,-8.602167467546767,-0.04852409476468442,-2.57,3.84,-0.0,0.19,2.0,LEFT,HUMAN
2025-07-31T17:07:56.913859,HUMAN_20250731_170756_17,MOVING,4.62,-8.620269381855056,0.0651167003248755,-2.58,3.83,0.01,0.2,2.0,LEFT,HUMAN
2025-07-31T17:07:57.256860,HUMAN_20250731_170757_17,MOVING,4.61,-8.6821487218921,0.8289653172090781,-2.6,3.81,0.07,0.23,2.0,LEFT,HUMAN
2025-07-31T17:07:57.665263,HUMAN_20250731_170757_17,MOVING,4.61,-8.705223972280137,0.947261392883087,-2.6,3.8,0.08,0.24,2.0,LEFT,HUMAN
2025-07-31T17:07:58.018783,HUMAN_20250731_170758_17,MOVING,4.61,-8.721792929260747,1.0026786994873467,-2.61,3.79,0.08,0.25,2.0,LEFT,HUMAN
2025-07-31T17:07:58.372516,HUMAN_20250731_170758_17,MOVING,4.6,-8.73544331385494,0.9402109661154309,-2.61,3.78,0.08,0.26,2.0,AWAY,HUMAN
2025-07-31T17:07:58.776415,HUMAN_20250731_170758_17,MOVING,4.6,-8.73544331385494,0.9402109661154309,-2.61,3.78,0.08,0.26,2.0,AWAY,HUMAN
2025-07-31T17:07:59.188163,HUMAN_20250731_170759_17,MOVING,4.59,-8.744356190006563,1.0436272809161173,-2.61,3.78,0.08,0.27,2.0,AWAY,HUMAN
2025-07-31T17:07:59.593729,HUMAN_20250731_170759_17,MOVING,4.59,-8.744356190006563,1.0436272809161173,-2.61,3.78,0.08,0.27,2.0,AWAY,HUMAN
2025-07-31T17:08:00.002392,HUMAN_20250731_170800_17,MOVING,4.59,-8.744356190006563,1.0436272809161173,-2.61,3.78,0.08,0.27,2.0,AWAY,HUMAN
2025-07-31T17:08:00.401351,HUMAN_20250731_170800_17,MOVING,4.59,-8.744356190006563,1.0436272809161173,-2.61,3.78,0.08,0.27,2.0,AWAY,HUMAN
2025-07-31T17:08:00.745983,HUMAN_20250731_170800_17,MOVING,4.59,-8.744356190006563,1.0436272809161173,-2.61,3.78,0.08,0.27,2.0,AWAY,HUMAN
2025-07-31T17:08:01.325223,HUMAN_20250731_170801_17,MOVING,4.59,-8.744356190006563,1.0436272809161173,-2.61,3.78,0.08,0.27,2.0,AWAY,HUMAN
2025-07-31T17:08:01.684543,HUMAN_20250731_170801_17,MOVING,4.59,-8.744356190006563,1.0436272809161173,-2.61,3.78,0.08,0.27,2.0,AWAY,HUMAN
2025-07-31T17:08:02.041762,HUMAN_20250731_170802_17,MOVING,4.58,-8.962203264962696,2.2146758241297606,-2.68,3.71,0.18,0.12,2.0,AWAY,HUMAN
2025-07-31T17:08:02.388906,HUMAN_20250731_170802_17,MOVING,4.58,-8.962203264962696,2.2146758241297606,-2.68,3.71,0.18,0.12,2.0,AWAY,HUMAN
2025-07-31T17:08:02.762060,HUMAN_20250731_170802_17,MOVING,4.58,-8.962203264962696,2.2146758241297606,-2.68,3.71,0.18,0.12,2.0,AWAY,HUMAN
2025-07-31T17:08:03.156000,HUMAN_20250731_170803_17,MOVING,4.58,-8.962203264962696,2.2146758241297606,-2.68,3.71,0.18,0.12,2.0,AWAY,HUMAN
2025-07-31T17:08:03.510502,HUMAN_20250731_170803_17,MOVING,4.58,-8.962203264962696,2.2146758241297606,-2.68,3.71,0.18,0.12,2.0,AWAY,HUMAN
2025-07-31T17:08:03.861610,HUMAN_20250731_170803_17,MOVING,4.58,-8.962203264962696,2.2146758241297606,-2.68,3.71,0.18,0.12,2.0,AWAY,HUMAN
2025-07-31T17:08:04.272259,HUMAN_20250731_170804_17,MOVING,4.58,-8.962203264962696,2.2146758241297606,-2.68,3.71,0.18,0.12,2.0,AWAY,HUMAN
2025-07-31T17:08:04.669232,HUMAN_20250731_170804_17,MOVING,4.58,-8.962203264962696,2.2146758241297606,-2.68,3.71,0.18,0.12,2.0,AWAY,HUMAN
2025-07-31T17:08:05.081751,HUMAN_20250731_170805_17,MOVING,4.58,-8.962203264962696,2.2146758241297606,-2.68,3.71,0.18,0.12,2.0,AWAY,HUMAN
2025-07-31T17:08:05.486912,HUMAN_20250731_170805_17,MOVING,4.58,-8.962203264962696,2.2146758241297606,-2.68,3.71,0.18,0.12,2.0,AWAY,HUMAN
2025-07-31T17:08:05.893209,HUMAN_20250731_170805_17,MOVING,4.58,-8.962203264962696,2.2146758241297606,-2.68,3.71,0.18,0.12,2.0,AWAY,HUMAN
2025-07-31T17:08:06.291211,HUMAN_20250731_170806_17,MOVING,4.58,-8.962203264962696,2.2146758241297606,-2.68,3.71,0.18,0.12,2.0,AWAY,HUMAN
2025-07-31T17:08:06.688224,HUMAN_20250731_170806_17,MOVING,4.58,-8.962203264962696,2.2146758241297606,-2.68,3.71,0.18,0.12,2.0,AWAY,HUMAN
2025-07-31T17:08:07.084441,HUMAN_20250731_170807_17,MOVING,4.58,-8.962203264962696,2.2146758241297606,-2.68,3.71,0.18,0.12,2.0,AWAY,HUMAN
2025-07-31T17:08:07.485318,HUMAN_20250731_170807_17,MOVING,4.58,-8.962203264962696,2.2146758241297606,-2.68,3.71,0.18,0.12,2.0,AWAY,HUMAN
2025-07-31T17:08:07.864739,HUMAN_20250731_170807_17,MOVING,4.58,0.0,0.0,-2.68,3.71,0.18,0.12,2.0,AWAY,HUMAN
2025-07-31T17:08:07.864739,HUMAN_20250731_170807_25,MOVING,4.25,0.0,0.0,-3.7,2.07,0.35,0.22,2.0,LEFT,HUMAN
2025-07-31T17:08:08.393360,HUMAN_20250731_170808_17,MOVING,4.58,-8.962203264962696,2.2146758241297606,-2.68,3.71,0.18,0.12,2.0,AWAY,HUMAN
2025-07-31T17:08:08.742466,HUMAN_20250731_170808_17,MOVING,4.58,-8.962203264962696,2.2146758241297606,-2.68,3.71,0.18,0.12,2.0,AWAY,HUMAN
2025-07-31T17:08:09.088410,HUMAN_20250731_170809_17,MOVING,4.58,-8.962203264962696,2.2146758241297606,-2.68,3.71,0.18,0.12,2.0,AWAY,HUMAN
2025-07-31T17:08:09.442623,HUMAN_20250731_170809_17,MOVING,4.58,-8.962203264962696,2.2146758241297606,-2.68,3.71,0.18,0.12,2.0,AWAY,HUMAN
2025-07-31T17:08:09.795456,HUMAN_20250731_170809_17,MOVING,4.58,-8.962203264962696,2.2146758241297606,-2.68,3.71,0.18,0.12,2.0,AWAY,HUMAN
2025-07-31T17:08:10.145981,HUMAN_20250731_170810_17,MOVING,4.58,-8.962203264962696,2.2146758241297606,-2.68,3.71,0.18,0.12,2.0,AWAY,HUMAN
2025-07-31T17:08:10.491340,HUMAN_20250731_170810_17,MOVING,4.58,-8.962203264962696,2.2146758241297606,-2.68,3.71,0.18,0.12,2.0,AWAY,HUMAN
2025-07-31T17:08:10.840946,HUMAN_20250731_170810_17,MOVING,4.58,-8.962203264962696,2.2146758241297606,-2.68,3.71,0.18,0.12,2.0,AWAY,HUMAN
2025-07-31T17:08:11.184395,HUMAN_20250731_170811_17,MOVING,4.58,-8.962203264962696,2.2146758241297606,-2.68,3.71,0.18,0.12,2.0,AWAY,HUMAN
2025-07-31T17:08:11.539983,HUMAN_20250731_170811_17,MOVING,4.58,-8.962203264962696,2.2146758241297606,-2.68,3.71,0.18,0.12,2.0,AWAY,HUMAN
2025-07-31T17:08:11.885908,HUMAN_20250731_170811_17,MOVING,4.58,-8.962203264962696,2.2146758241297606,-2.68,3.71,0.18,0.12,2.0,AWAY,HUMAN
2025-07-31T17:08:12.230779,HUMAN_20250731_170812_17,MOVING,4.58,-8.962203264962696,2.2146758241297606,-2.68,3.71,0.18,0.12,2.0,AWAY,HUMAN
2025-07-31T17:08:12.655656,HUMAN_20250731_170812_17,MOVING,4.58,-8.962203264962696,2.2146758241297606,-2.68,3.71,0.18,0.12,2.0,AWAY,HUMAN
2025-07-31T17:08:13.056514,HUMAN_20250731_170813_17,MOVING,4.58,-8.962203264962696,2.2146758241297606,-2.68,3.71,0.18,0.12,2.0,AWAY,HUMAN
2025-07-31T17:08:13.456621,HUMAN_20250731_170813_17,MOVING,4.58,-8.962203264962696,2.2146758241297606,-2.68,3.71,0.18,0.12,2.0,AWAY,HUMAN
2025-07-31T17:08:13.804845,HUMAN_20250731_170813_17,MOVING,4.58,-8.962203264962696,2.2146758241297606,-2.68,3.71,0.18,0.12,2.0,AWAY,HUMAN
2025-07-31T17:08:14.154840,HUMAN_20250731_170814_17,MOVING,4.58,-8.962203264962696,2.2146758241297606,-2.68,3.71,0.18,0.12,2.0,AWAY,HUMAN
2025-07-31T17:08:14.500557,HUMAN_20250731_170814_17,MOVING,4.58,-8.962203264962696,2.2146758241297606,-2.68,3.71,0.18,0.12,2.0,AWAY,HUMAN
2025-07-31T17:08:14.848827,HUMAN_20250731_170814_17,MOVING,4.58,-8.962203264962696,2.2146758241297606,-2.68,3.71,0.18,0.12,2.0,AWAY,HUMAN
2025-07-31T17:08:15.261999,HUMAN_20250731_170815_17,MOVING,4.58,-8.962203264962696,2.2146758241297606,-2.68,3.71,0.18,0.12,2.0,AWAY,HUMAN
2025-07-31T17:08:15.662528,HUMAN_20250731_170815_17,MOVING,4.58,-8.962203264962696,2.2146758241297606,-2.68,3.71,0.18,0.12,2.0,AWAY,HUMAN
2025-07-31T17:08:16.053874,HUMAN_20250731_170816_17,MOVING,4.58,-8.962203264962696,2.2146758241297606,-2.68,3.71,0.18,0.12,2.0,AWAY,HUMAN
2025-07-31T17:08:16.397884,HUMAN_20250731_170816_17,MOVING,4.58,-8.962203264962696,2.2146758241297606,-2.68,3.71,0.18,0.12,2.0,AWAY,HUMAN
2025-07-31T17:08:16.746475,HUMAN_20250731_170816_17,MOVING,4.58,-8.962203264962696,2.2146758241297606,-2.68,3.71,0.18,0.12,2.0,AWAY,HUMAN
2025-07-31T17:08:17.101573,HUMAN_20250731_170817_17,MOVING,4.58,-8.962203264962696,2.2146758241297606,-2.68,3.71,0.18,0.12,2.0,AWAY,HUMAN
2025-07-31T17:08:17.453412,HUMAN_20250731_170817_17,MOVING,4.58,-8.962203264962696,2.2146758241297606,-2.68,3.71,0.18,0.12,2.0,AWAY,HUMAN
2025-07-31T17:08:17.807036,HUMAN_20250731_170817_17,MOVING,4.58,-8.962203264962696,2.2146758241297606,-2.68,3.71,0.18,0.12,2.0,AWAY,HUMAN
2025-07-31T17:08:18.153651,HUMAN_20250731_170818_17,MOVING,4.58,-8.962203264962696,2.2146758241297606,-2.68,3.71,0.18,0.12,2.0,AWAY,HUMAN
2025-07-31T17:08:18.502236,HUMAN_20250731_170818_17,MOVING,4.58,-8.962203264962696,2.2146758241297606,-2.68,3.71,0.18,0.12,2.0,AWAY,HUMAN
2025-07-31T17:08:18.839631,HUMAN_20250731_170818_17,MOVING,4.58,-8.962203264962696,2.2146758241297606,-2.68,3.71,0.18,0.12,2.0,AWAY,HUMAN
2025-07-31T17:08:19.188184,HUMAN_20250731_170819_17,MOVING,4.58,-8.962203264962696,2.2146758241297606,-2.68,3.71,0.18,0.12,2.0,AWAY,HUMAN
2025-07-31T17:08:19.599878,HUMAN_20250731_170819_17,MOVING,4.58,-8.962203264962696,2.2146758241297606,-2.68,3.71,0.18,0.12,2.0,AWAY,HUMAN
2025-07-31T17:08:20.011145,HUMAN_20250731_170820_17,MOVING,4.58,-8.962203264962696,2.2146758241297606,-2.68,3.71,0.18,0.12,2.0,AWAY,HUMAN
2025-07-31T17:08:20.417722,HUMAN_20250731_170820_17,MOVING,4.58,-8.962203264962696,2.2146758241297606,-2.68,3.71,0.18,0.12,2.0,AWAY,HUMAN
2025-07-31T17:08:20.778549,HUMAN_20250731_170820_17,MOVING,4.58,-8.962203264962696,2.2146758241297606,-2.68,3.71,0.18,0.12,2.0,AWAY,HUMAN
2025-07-31T17:08:21.150171,HUMAN_20250731_170821_17,MOVING,4.58,-8.962203264962696,2.2146758241297606,-2.68,3.71,0.18,0.12,2.0,AWAY,HUMAN
2025-07-31T17:08:21.500988,HUMAN_20250731_170821_17,MOVING,4.58,-8.962203264962696,2.2146758241297606,-2.68,3.71,0.18,0.12,2.0,AWAY,HUMAN
2025-07-31T17:08:21.851302,HUMAN_20250731_170821_17,MOVING,4.58,-8.962203264962696,2.2146758241297606,-2.68,3.71,0.18,0.12,2.0,AWAY,HUMAN
2025-07-31T17:08:22.426928,HUMAN_20250731_170822_17,MOVING,4.58,-8.962203264962696,2.2146758241297606,-2.68,3.71,0.18,0.12,2.0,AWAY,HUMAN
2025-07-31T17:08:22.775103,HUMAN_20250731_170822_17,MOVING,4.58,-8.962203264962696,2.2146758241297606,-2.68,3.71,0.18,0.12,2.0,AWAY,HUMAN
2025-07-31T17:08:23.126515,HUMAN_20250731_170823_17,MOVING,4.58,-8.962203264962696,2.2146758241297606,-2.68,3.71,0.18,0.12,2.0,AWAY,HUMAN
2025-07-31T17:08:23.476397,HUMAN_20250731_170823_17,MOVING,4.58,-8.962203264962696,2.2146758241297606,-2.68,3.71,0.18,0.12,2.0,AWAY,HUMAN
2025-07-31T17:08:23.876156,HUMAN_20250731_170823_17,MOVING,4.58,-8.962203264962696,2.2146758241297606,-2.68,3.71,0.18,0.12,2.0,AWAY,HUMAN
2025-07-31T17:08:24.279925,HUMAN_20250731_170824_17,MOVING,4.58,-8.962203264962696,2.2146758241297606,-2.68,3.71,0.18,0.12,2.0,AWAY,HUMAN
2025-07-31T17:08:24.680882,HUMAN_20250731_170824_17,MOVING,4.58,-8.962203264962696,2.2146758241297606,-2.68,3.71,0.18,0.12,2.0,AWAY,HUMAN
2025-07-31T17:08:25.089813,HUMAN_20250731_170825_17,MOVING,4.58,-8.962203264962696,2.2146758241297606,-2.68,3.71,0.18,0.12,2.0,AWAY,HUMAN
2025-07-31T17:08:25.487435,HUMAN_20250731_170825_17,MOVING,4.58,-8.962203264962696,2.2146758241297606,-2.68,3.71,0.18,0.12,2.0,AWAY,HUMAN
2025-07-31T17:08:25.885192,HUMAN_20250731_170825_17,MOVING,4.58,-8.962203264962696,2.2146758241297606,-2.68,3.71,0.18,0.12,2.0,AWAY,HUMAN
2025-07-31T17:08:26.289138,HUMAN_20250731_170826_17,MOVING,4.58,-8.962203264962696,2.2146758241297606,-2.68,3.71,0.18,0.12,2.0,AWAY,HUMAN
2025-07-31T17:08:26.691368,HUMAN_20250731_170826_17,MOVING,4.58,-8.962203264962696,2.2146758241297606,-2.68,3.71,0.18,0.12,2.0,AWAY,HUMAN
2025-07-31T17:08:27.094766,HUMAN_20250731_170827_17,MOVING,4.58,-8.962203264962696,2.2146758241297606,-2.68,3.71,0.18,0.12,2.0,AWAY,HUMAN
2025-07-31T17:08:27.490905,HUMAN_20250731_170827_17,MOVING,4.58,-8.962203264962696,2.2146758241297606,-2.68,3.71,0.18,0.12,2.0,AWAY,HUMAN
2025-07-31T17:08:27.846163,HUMAN_20250731_170827_17,MOVING,4.58,-8.962203264962696,2.2146758241297606,-2.68,3.71,0.18,0.12,2.0,AWAY,HUMAN
2025-07-31T17:08:28.194091,HUMAN_20250731_170828_17,MOVING,4.58,-8.962203264962696,2.2146758241297606,-2.68,3.71,0.18,0.12,2.0,AWAY,HUMAN
2025-07-31T17:08:28.545690,HUMAN_20250731_170828_17,MOVING,4.58,-8.962203264962696,2.2146758241297606,-2.68,3.71,0.18,0.12,2.0,AWAY,HUMAN
2025-07-31T17:08:28.918079,HUMAN_20250731_170828_17,MOVING,4.58,-8.962203264962696,2.2146758241297606,-2.68,3.71,0.18,0.12,2.0,AWAY,HUMAN
2025-07-31T17:08:29.271196,HUMAN_20250731_170829_17,MOVING,4.58,-8.962203264962696,2.2146758241297606,-2.68,3.71,0.18,0.12,2.0,AWAY,HUMAN
2025-07-31T17:08:29.654402,HUMAN_20250731_170829_17,MOVING,4.58,-8.962203264962696,2.2146758241297606,-2.68,3.71,0.18,0.12,2.0,AWAY,HUMAN
2025-07-31T17:08:30.006074,HUMAN_20250731_170830_17,MOVING,4.58,-8.962203264962696,2.2146758241297606,-2.68,3.71,0.18,0.12,2.0,AWAY,HUMAN
2025-07-31T17:08:30.365994,HUMAN_20250731_170830_17,MOVING,4.58,-8.962203264962696,2.2146758241297606,-2.68,3.71,0.18,0.12,2.0,AWAY,HUMAN
2025-07-31T17:08:30.725818,HUMAN_20250731_170830_17,MOVING,4.58,-8.962203264962696,2.2146758241297606,-2.68,3.71,0.18,0.12,2.0,AWAY,HUMAN
2025-07-31T17:08:31.071065,HUMAN_20250731_170831_17,MOVING,4.58,-8.962203264962696,2.2146758241297606,-2.68,3.71,0.18,0.12,2.0,AWAY,HUMAN
2025-07-31T17:08:31.464762,HUMAN_20250731_170831_17,MOVING,4.58,-8.962203264962696,2.2146758241297606,-2.68,3.71,0.18,0.12,2.0,AWAY,HUMAN
2025-07-31T17:08:31.860735,HUMAN_20250731_170831_17,MOVING,4.58,-8.962203264962696,2.2146758241297606,-2.68,3.71,0.18,0.12,2.0,AWAY,HUMAN
2025-07-31T17:08:32.270596,HUMAN_20250731_170832_17,MOVING,4.58,-8.962203264962696,2.2146758241297606,-2.68,3.71,0.18,0.12,2.0,AWAY,HUMAN
2025-07-31T17:08:32.678934,HUMAN_20250731_170832_17,MOVING,4.58,-8.962203264962696,2.2146758241297606,-2.68,3.71,0.18,0.12,2.0,AWAY,HUMAN
2025-07-31T17:08:33.080130,HUMAN_20250731_170833_17,MOVING,4.58,-8.962203264962696,2.2146758241297606,-2.68,3.71,0.18,0.12,2.0,AWAY,HUMAN
2025-07-31T17:08:33.478854,HUMAN_20250731_170833_17,MOVING,4.58,-8.962203264962696,2.2146758241297606,-2.68,3.71,0.18,0.12,2.0,AWAY,HUMAN
2025-07-31T17:08:33.872621,HUMAN_20250731_170833_17,MOVING,4.58,-8.962203264962696,2.2146758241297606,-2.68,3.71,0.18,0.12,2.0,AWAY,HUMAN
2025-07-31T17:08:34.369446,HUMAN_20250731_170834_17,MOVING,4.58,-8.962203264962696,2.2146758241297606,-2.68,3.71,0.18,0.12,2.0,AWAY,HUMAN
2025-07-31T17:09:43.239996,HUMAN_20250731_170943_6,MOVING,6.83,5.251991228700549,0.3258181709645816,0.55,6.81,0.04,0.35,2.0,AWAY,HUMAN
2025-07-31T17:09:43.588024,HUMAN_20250731_170943_6,MOVING,6.81,5.220682786519711,0.3568237698773297,0.55,6.78,0.04,0.41,2.0,AWAY,HUMAN
2025-07-31T17:09:43.934341,HUMAN_20250731_170943_6,MOVING,6.77,5.018229347509163,0.3483836408877845,0.53,6.75,0.04,0.51,2.0,AWAY,HUMAN
2025-07-31T17:09:44.281731,HUMAN_20250731_170944_6,SPEEDING,6.73,4.920853378531951,1.255282590914696,0.52,6.71,0.15,0.6,2.0,AWAY,HUMAN
2025-07-31T17:09:48.845646,HUMAN_20250731_170948_6,SPEEDING,1.82,5.782044592890245,1.6985302552142971,0.61,1.71,0.05,0.81,2.0,RIGHT,HUMAN
2025-07-31T17:09:49.233882,HUMAN_20250731_170949_6,SPEEDING,1.81,6.103144802600081,1.0701106788789012,0.64,1.69,0.03,0.79,2.0,RIGHT,HUMAN
2025-07-31T17:09:49.609063,HUMAN_20250731_170949_6,SPEEDING,1.8,6.51778438484886,0.5908234216649801,0.69,1.67,0.02,0.81,2.0,RIGHT,HUMAN
2025-07-31T17:09:50.288421,HUMAN_20250731_170950_6,MOVING,2.25,14.381999241185005,-0.45981783141481947,1.54,1.64,-0.02,0.48,2.0,RIGHT,HUMAN
2025-07-31T17:09:50.690227,HUMAN_20250731_170950_6,STATIONARY,2.27,14.585378919808697,-0.5257573856869155,1.56,1.65,-0.02,0.0,2.0,STATIC,HUMAN
2025-07-31T17:09:51.075558,HUMAN_20250731_170951_6,STATIONARY,2.27,14.585378919808697,-0.5257573856869155,1.56,1.65,-0.02,0.0,2.0,STATIC,HUMAN
2025-07-31T17:09:51.470099,HUMAN_20250731_170951_6,STATIONARY,2.27,14.585378919808697,-0.5257573856869155,1.56,1.65,-0.02,0.0,2.0,STATIC,HUMAN
2025-07-31T17:09:51.853126,HUMAN_20250731_170951_6,STATIONARY,2.27,14.585378919808697,-0.5257573856869155,1.56,1.65,-0.02,0.0,2.0,STATIC,HUMAN
2025-07-31T17:09:52.243197,HUMAN_20250731_170952_6,STATIONARY,2.27,14.585378919808697,-0.5257573856869155,1.56,1.65,-0.02,0.0,2.0,STATIC,HUMAN
2025-07-31T17:09:57.333375,HUMAN_20250731_170957_8,SPEEDING,2.42,2.657954631552917,-3.5885136501082187,0.37,2.39,-0.15,0.78,2.0,TOWARDS,HUMAN
2025-07-31T17:09:57.776984,HUMAN_20250731_170957_8,SPEEDING,2.47,3.0955498375031025,-2.8439799619260815,0.43,2.43,-0.12,0.81,2.0,TOWARDS,HUMAN
2025-07-31T17:09:58.200113,HUMAN_20250731_170958_8,SPEEDING,2.5,2.8282333671428215,-3.2412863352195695,0.4,2.47,-0.14,0.7,2.0,TOWARDS,HUMAN
2025-07-31T17:09:58.639757,HUMAN_20250731_170958_8,SPEEDING,2.54,2.599649128287935,-3.1683870656687043,0.36,2.51,-0.14,0.67,2.0,TOWARDS,HUMAN
2025-07-31T17:09:59.088179,HUMAN_20250731_170959_8,SPEEDING,2.58,2.6366843682609113,-3.0840514816167297,0.37,2.55,-0.14,0.65,2.0,TOWARDS,HUMAN
2025-07-31T17:09:59.545498,HUMAN_20250731_170959_8,SPEEDING,2.62,2.368065003277758,-2.8642109329951664,0.33,2.59,-0.13,0.69,2.0,TOWARDS,HUMAN
2025-07-31T17:10:00.254721,HUMAN_20250731_171000_8,SPEEDING,2.66,2.336320198061976,-3.35232716559211,0.33,2.64,-0.16,0.7,2.0,TOWARDS,HUMAN
2025-07-31T17:10:00.700211,HUMAN_20250731_171000_8,SPEEDING,2.7,2.2547882152675953,-3.3529347600372006,0.31,2.68,-0.16,0.72,2.0,TOWARDS,HUMAN
2025-07-31T17:10:01.434325,HUMAN_20250731_171001_8,STATIONARY,3.95,-1.128837303155437,-2.1089398608519763,-0.16,3.94,-0.15,0.0,2.0,STATIC,HUMAN
2025-07-31T17:10:01.982214,HUMAN_20250731_171001_8,STATIONARY,3.95,-1.128837303155437,-2.1089398608519763,-0.16,3.94,-0.15,0.0,2.0,STATIC,HUMAN
2025-07-31T17:10:02.372800,HUMAN_20250731_171002_8,STATIONARY,3.95,-1.128837303155437,-2.1089398608519763,-0.16,3.94,-0.15,0.0,2.0,STATIC,HUMAN
2025-07-31T17:10:02.739709,HUMAN_20250731_171002_8,STATIONARY,3.95,-1.128837303155437,-2.1089398608519763,-0.16,3.94,-0.15,0.0,2.0,STATIC,HUMAN
2025-07-31T17:10:03.110374,HUMAN_20250731_171003_8,STATIONARY,3.95,-1.128837303155437,-2.1089398608519763,-0.16,3.94,-0.15,0.0,2.0,STATIC,HUMAN
2025-07-31T17:10:03.470942,HUMAN_20250731_171003_8,STATIONARY,3.95,-1.128837303155437,-2.1089398608519763,-0.16,3.94,-0.15,0.0,2.0,STATIC,HUMAN
2025-07-31T17:10:03.842383,HUMAN_20250731_171003_8,STATIONARY,3.95,-1.128837303155437,-2.1089398608519763,-0.16,3.94,-0.15,0.0,2.0,STATIC,HUMAN
2025-07-31T17:10:04.205250,HUMAN_20250731_171004_8,STATIONARY,3.95,-1.128837303155437,-2.1089398608519763,-0.16,3.94,-0.15,0.0,2.0,STATIC,HUMAN
2025-07-31T17:10:04.567346,HUMAN_20250731_171004_8,STATIONARY,3.95,-1.1769638064995007,-1.8843503815025715,-0.16,3.94,-0.13,0.01,2.0,STATIC,HUMAN
2025-07-31T17:10:04.933729,HUMAN_20250731_171004_8,MOVING,3.95,-1.2241098179044818,-1.2796408854173056,-0.17,3.94,-0.09,0.01,2.0,STATIC,HUMAN
2025-07-31T17:10:05.300080,HUMAN_20250731_171005_8,MOVING,3.95,-1.2256442012636084,-0.9361510174446432,-0.17,3.94,-0.06,0.01,2.0,STATIC,HUMAN
2025-07-31T17:10:05.664525,HUMAN_20250731_171005_8,MOVING,3.94,-1.2872408995545939,-0.7497154746932723,-0.18,3.94,-0.05,0.03,2.0,STATIC,HUMAN
2025-07-31T17:10:06.024332,HUMAN_20250731_171006_8,MOVING,3.95,-1.3205326654584781,-0.3736132724254535,-0.18,3.94,-0.03,0.03,2.0,STATIC,HUMAN
2025-07-31T17:10:06.383692,HUMAN_20250731_171006_8,MOVING,3.94,-1.3618599702355436,-0.22965248999681356,-0.19,3.94,-0.02,0.04,2.0,STATIC,HUMAN
2025-07-31T17:10:06.748154,HUMAN_20250731_171006_8,STATIONARY,3.94,-1.376832685632321,-0.0970638645638953,-0.19,3.94,-0.01,0.0,2.0,STATIC,HUMAN
2025-07-31T17:10:07.135268,HUMAN_20250731_171007_8,STATIONARY,3.94,-1.3890133107183926,0.09793690159866562,-0.19,3.94,0.01,0.0,2.0,STATIC,HUMAN
2025-07-31T17:10:07.505195,HUMAN_20250731_171007_8,STATIONARY,3.94,-1.3523334688298203,0.31948332375337596,-0.19,3.94,0.02,0.0,2.0,STATIC,HUMAN
2025-07-31T17:10:07.871453,HUMAN_20250731_171007_8,STATIONARY,3.94,-1.3523334688298203,0.31948332375337596,-0.19,3.94,0.02,0.0,2.0,STATIC,HUMAN
2025-07-31T17:10:08.238744,HUMAN_20250731_171008_8,STATIONARY,3.94,-1.3250612269719055,0.389334516510591,-0.19,3.94,0.03,0.01,2.0,STATIC,HUMAN
2025-07-31T17:10:08.625586,HUMAN_20250731_171008_8,MOVING,3.8,1.2823294763591202,-0.915260261696764,0.18,3.79,-0.06,0.27,2.0,RIGHT,HUMAN
2025-07-31T17:10:09.008093,HUMAN_20250731_171009_8,MOVING,3.8,1.2593919728322336,-0.5318848684285271,0.18,3.79,-0.04,0.23,2.0,RIGHT,HUMAN
2025-07-31T17:10:09.387861,HUMAN_20250731_171009_8,MOVING,3.82,0.9289403208016344,-2.1626054710988245,0.13,3.81,-0.14,0.13,2.0,AWAY,HUMAN
2025-07-31T17:10:09.753696,HUMAN_20250731_171009_8,MOVING,3.83,0.6514856559607738,-3.3750604119059218,0.09,3.82,-0.23,0.08,2.0,AWAY,HUMAN
2025-07-31T17:10:10.147963,HUMAN_20250731_171010_8,MOVING,3.84,0.4083355482060371,-3.374770462926152,0.06,3.83,-0.23,0.09,2.0,LEFT,HUMAN
2025-07-31T17:10:10.536524,HUMAN_20250731_171010_8,MOVING,3.84,0.47968721836339034,-3.436374652876251,0.07,3.83,-0.23,0.07,2.0,STATIC,HUMAN
2025-07-31T17:10:11.038576,HUMAN_20250731_171011_8,MOVING,3.77,0.6801051887107835,0.14663853189227832,0.09,3.77,0.01,0.2,2.0,RIGHT,HUMAN
2025-07-31T17:10:11.423702,HUMAN_20250731_171011_8,MOVING,3.76,0.647419441639197,-0.12733218023790563,0.09,3.76,-0.01,0.2,2.0,RIGHT,HUMAN
2025-07-31T17:10:11.815275,HUMAN_20250731_171011_8,MOVING,3.76,0.6874699107839537,-0.0025103154644894625,0.1,3.76,-0.0,0.19,2.0,RIGHT,HUMAN
2025-07-31T17:10:12.201459,HUMAN_20250731_171012_8,MOVING,3.76,0.7488269452627554,0.2772044845615926,0.1,3.76,0.02,0.19,2.0,RIGHT,HUMAN
2025-07-31T17:10:12.665674,HUMAN_20250731_171012_8,MOVING,3.77,0.7036205521847471,0.5828109642828384,0.1,3.77,0.04,0.16,2.0,RIGHT,HUMAN
2025-07-31T17:10:13.067031,HUMAN_20250731_171013_8,MOVING,3.78,0.7349357643857743,1.3439867679253732,0.1,3.78,0.09,0.15,2.0,RIGHT,HUMAN
2025-07-31T17:10:13.467400,HUMAN_20250731_171013_8,MOVING,3.78,0.7729624943226069,1.531905297373414,0.11,3.78,0.1,0.15,2.0,RIGHT,HUMAN
2025-07-31T17:10:13.862193,HUMAN_20250731_171013_8,MOVING,3.78,0.8563473953047952,1.2791306464250427,0.12,3.78,0.08,0.16,2.0,RIGHT,HUMAN
2025-07-31T17:10:14.256557,HUMAN_20250731_171014_8,MOVING,3.78,0.8905522307546979,1.2109350746005239,0.12,3.78,0.08,0.15,2.0,RIGHT,HUMAN
2025-07-31T17:10:14.663427,HUMAN_20250731_171014_8,MOVING,3.79,0.977219589519407,1.810516320103393,0.14,3.78,0.12,0.16,2.0,RIGHT,HUMAN
2025-07-31T17:10:15.065271,HUMAN_20250731_171015_8,MOVING,3.8,1.040025362191829,2.254646687550262,0.15,3.79,0.15,0.17,2.0,RIGHT,HUMAN
2025-07-31T17:10:18.378340,HUMAN_20250731_171018_8,SPEEDING,6.88,4.501886844213199,2.8661604026449847,0.63,6.85,0.34,0.83,2.0,RIGHT,HUMAN
2025-07-31T17:10:18.832025,HUMAN_20250731_171018_8,SPEEDING,6.92,4.6951914488887185,2.7899629007551545,0.66,6.88,0.34,0.82,2.0,RIGHT,HUMAN
2025-07-31T17:10:19.291046,HUMAN_20250731_171019_8,SPEEDING,6.95,4.885773364115301,2.72026675577977,0.68,6.91,0.33,0.81,2.0,RIGHT,HUMAN
2025-07-31T17:10:19.741965,HUMAN_20250731_171019_8,SPEEDING,6.98,5.109329610746365,2.4108290879476235,0.72,6.94,0.29,0.8,2.0,RIGHT,HUMAN
2025-07-31T17:10:20.195449,HUMAN_20250731_171020_8,SPEEDING,7.01,5.353937890621927,2.334869512912566,0.75,6.96,0.29,0.8,2.0,RIGHT,HUMAN
2025-07-31T17:10:20.661339,HUMAN_20250731_171020_8,SPEEDING,7.04,5.610057091761797,2.2131026534903855,0.79,6.99,0.27,0.8,2.0,RIGHT,HUMAN
2025-07-31T17:10:21.133613,HUMAN_20250731_171021_8,SPEEDING,7.06,5.884190143732089,2.1028292281688103,0.82,7.01,0.26,0.81,2.0,RIGHT,HUMAN
2025-07-31T17:10:21.821324,HUMAN_20250731_171021_8,SPEEDING,7.09,6.122065960973364,2.2892142005426046,0.86,7.03,0.28,0.8,2.0,RIGHT,HUMAN
2025-07-31T17:10:22.212593,HUMAN_20250731_171022_8,SPEEDING,7.15,6.071080120812986,2.914750227140619,0.85,7.09,0.36,0.76,2.0,RIGHT,HUMAN
2025-07-31T17:10:22.633176,HUMAN_20250731_171022_8,SPEEDING,7.23,5.955806016131236,3.202868342804555,0.83,7.17,0.4,0.71,2.0,RIGHT,HUMAN
2025-07-31T17:10:23.090848,HUMAN_20250731_171023_8,SPEEDING,7.26,6.142333677717726,3.1744502122081517,0.86,7.2,0.4,0.7,2.0,RIGHT,HUMAN
2025-07-31T17:11:18.505087,HUMAN_20250731_171118_1,SPEEDING,4.09,-6.294383151366241,0.3671116943811482,-0.11,4.09,0.03,0.59,2.0,AWAY,HUMAN
2025-07-31T17:11:18.903842,HUMAN_20250731_171118_1,SPEEDING,4.06,-5.94202285131335,0.5067777901799271,-0.1,4.06,0.04,0.57,2.0,AWAY,HUMAN
2025-07-31T17:11:19.297362,HUMAN_20250731_171119_1,SPEEDING,4.03,-7.465256262192899,1.214152072545833,-0.13,4.03,0.09,0.51,2.0,AWAY,HUMAN
2025-07-31T17:11:19.700279,HUMAN_20250731_171119_1,MOVING,4.01,-6.904582498044885,0.5281022645228439,-0.12,4.01,0.04,0.44,2.0,AWAY,HUMAN
2025-07-31T17:11:20.093709,HUMAN_20250731_171120_1,MOVING,4.0,-7.266840398234805,0.0801375653670205,-0.13,3.99,0.01,0.38,2.0,AWAY,HUMAN
2025-07-31T17:11:20.491597,HUMAN_20250731_171120_1,MOVING,3.98,-8.467750010073452,0.12278235847449089,-0.15,3.98,0.01,0.3,2.0,AWAY,HUMAN
2025-07-31T17:11:20.887807,HUMAN_20250731_171120_1,MOVING,3.97,-9.182065536306483,0.03555012177271014,-0.16,3.97,0.0,0.26,2.0,AWAY,HUMAN
2025-07-31T17:11:21.302090,HUMAN_20250731_171121_1,MOVING,3.96,-9.04582046894844,-0.3194655914685721,-0.16,3.96,-0.02,0.21,2.0,AWAY,HUMAN
2025-07-31T17:11:21.709177,HUMAN_20250731_171121_1,MOVING,3.95,-6.550110704407918,-0.6304066469740742,-0.11,3.95,-0.04,0.17,2.0,AWAY,HUMAN
2025-07-31T17:11:22.119239,HUMAN_20250731_171122_1,MOVING,3.95,-3.1891590610662517,-1.475221287638075,-0.06,3.94,-0.1,0.21,2.0,RIGHT,HUMAN
2025-07-31T17:11:22.559132,HUMAN_20250731_171122_1,MOVING,3.98,5.740426620079962,-4.1169897921461995,0.1,3.97,-0.29,0.2,2.0,RIGHT,HUMAN
2025-07-31T17:11:22.963281,HUMAN_20250731_171122_1,MOVING,3.99,6.498563061901053,-4.268039093610809,0.11,3.97,-0.3,0.21,2.0,RIGHT,HUMAN
2025-07-31T17:11:23.357249,HUMAN_20250731_171123_1,STATIONARY,3.99,7.17579415487144,-4.32498772320652,0.13,3.97,-0.3,0.0,2.0,STATIC,HUMAN
2025-07-31T17:11:23.766541,HUMAN_20250731_171123_1,STATIONARY,3.99,7.17579415487144,-4.32498772320652,0.13,3.97,-0.3,0.0,2.0,STATIC,HUMAN
2025-07-31T17:11:24.161097,HUMAN_20250731_171124_1,STATIONARY,3.99,7.17579415487144,-4.32498772320652,0.13,3.97,-0.3,0.0,2.0,STATIC,HUMAN
2025-07-31T17:11:24.570559,HUMAN_20250731_171124_1,STATIONARY,3.99,7.17579415487144,-4.32498772320652,0.13,3.97,-0.3,0.0,2.0,STATIC,HUMAN
2025-07-31T17:11:24.969475,HUMAN_20250731_171124_1,STATIONARY,3.99,6.632107674340091,-4.132471011046337,0.12,3.97,-0.29,0.02,2.0,STATIC,HUMAN
2025-07-31T17:11:25.370567,HUMAN_20250731_171125_1,STATIONARY,3.99,6.240366746952266,-4.2844169775374334,0.11,3.97,-0.3,0.03,2.0,STATIC,HUMAN
2025-07-31T17:11:25.767577,HUMAN_20250731_171125_1,STATIONARY,3.98,6.412668896072697,-4.2380836293230475,0.11,3.97,-0.29,0.02,2.0,STATIC,HUMAN
2025-07-31T17:11:26.168050,HUMAN_20250731_171126_1,STATIONARY,3.98,6.251954081160212,-4.240520625326068,0.11,3.97,-0.29,0.03,2.0,STATIC,HUMAN
2025-07-31T17:11:26.567324,HUMAN_20250731_171126_1,STATIONARY,3.98,5.651105130638232,-4.3663254192402325,0.1,3.97,-0.3,0.05,2.0,STATIC,HUMAN
2025-07-31T17:11:26.981413,HUMAN_20250731_171126_1,STATIONARY,3.98,4.500659363855921,-4.205905042725775,0.08,3.97,-0.29,0.08,2.0,LEFT,HUMAN
2025-07-31T17:11:27.391475,HUMAN_20250731_171127_1,MOVING,3.98,4.10140577215905,-4.23739075143917,0.07,3.97,-0.29,0.09,2.0,LEFT,HUMAN
2025-07-31T17:11:27.845103,HUMAN_20250731_171127_1,MOVING,3.99,3.1826212743084903,-4.528831038106176,0.06,3.97,-0.31,0.11,2.0,LEFT,HUMAN
2025-07-31T17:11:28.295980,HUMAN_20250731_171128_1,MOVING,4.11,-12.777658649087153,0.8209766007327176,-0.23,4.11,0.06,0.03,2.0,STATIC,HUMAN
2025-07-31T17:11:28.672100,HUMAN_20250731_171128_1,STATIONARY,4.11,-12.850620194277836,0.5945065279684073,-0.23,4.11,0.04,0.0,2.0,STATIC,HUMAN
2025-07-31T17:11:29.048108,HUMAN_20250731_171129_1,STATIONARY,4.11,-12.850620194277836,0.5945065279684073,-0.23,4.11,0.04,0.0,2.0,STATIC,HUMAN
2025-07-31T17:11:29.427418,HUMAN_20250731_171129_1,STATIONARY,4.11,-12.850620194277836,0.5945065279684073,-0.23,4.11,0.04,0.0,2.0,STATIC,HUMAN
2025-07-31T17:11:29.823092,HUMAN_20250731_171129_1,STATIONARY,4.11,-12.850620194277836,0.5945065279684073,-0.23,4.11,0.04,0.0,2.0,STATIC,HUMAN
2025-07-31T17:11:30.215234,HUMAN_20250731_171130_1,MOVING,3.92,3.3133988882499223,0.9308997162700816,0.06,3.92,0.06,0.11,2.0,RIGHT,HUMAN
2025-07-31T17:11:30.586124,HUMAN_20250731_171130_1,MOVING,3.93,2.766418476365126,2.2320529563528453,0.05,3.93,0.15,0.08,2.0,RIGHT,HUMAN
2025-07-31T17:11:30.953286,HUMAN_20250731_171130_1,MOVING,3.94,3.472465939627818,2.222193912731304,0.06,3.93,0.15,0.1,2.0,RIGHT,HUMAN
2025-07-31T17:11:31.320769,HUMAN_20250731_171131_1,MOVING,3.95,3.6881674497656767,2.3056851181907128,0.06,3.95,0.16,0.11,2.0,RIGHT,HUMAN
2025-07-31T17:11:31.931633,HUMAN_20250731_171131_1,MOVING,3.96,4.023039212163703,2.308981569406436,0.07,3.96,0.16,0.13,2.0,RIGHT,HUMAN
2025-07-31T17:11:32.353352,HUMAN_20250731_171132_1,MOVING,3.98,3.6532879653593464,2.3179596181594198,0.06,3.97,0.16,0.15,2.0,TOWARDS,HUMAN
2025-07-31T17:11:35.278738,HUMAN_20250731_171135_1,SPEEDING,6.6,24.214453475832233,3.5123986091157917,0.45,6.58,0.4,0.73,2.0,TOWARDS,HUMAN
2025-07-31T17:11:35.649415,HUMAN_20250731_171135_1,SPEEDING,6.63,26.910564421199812,3.0120720940290235,0.51,6.6,0.35,0.71,2.0,TOWARDS,HUMAN
2025-07-31T17:11:36.024039,HUMAN_20250731_171136_1,SPEEDING,6.67,28.08874446514431,3.1271204737365426,0.53,6.64,0.36,0.7,2.0,TOWARDS,HUMAN
2025-07-31T17:11:36.391512,HUMAN_20250731_171136_1,SPEEDING,6.71,29.32444687908348,3.0809661659793024,0.56,6.68,0.36,0.69,2.0,TOWARDS,HUMAN
2025-07-31T17:11:36.759371,HUMAN_20250731_171136_1,SPEEDING,6.74,30.249067351975054,2.6177327069525034,0.58,6.71,0.31,0.67,2.0,TOWARDS,HUMAN
2025-07-31T17:11:37.129886,HUMAN_20250731_171137_1,SPEEDING,6.78,31.421358563784917,2.360259131023459,0.61,6.74,0.28,0.66,2.0,TOWARDS,HUMAN
2025-07-31T17:11:37.565903,HUMAN_20250731_171137_1,SPEEDING,6.81,32.550420880658216,2.5330659020799446,0.64,6.78,0.3,0.66,2.0,TOWARDS,HUMAN
2025-07-31T17:11:37.983759,HUMAN_20250731_171137_1,SPEEDING,6.85,34.41153748137617,3.6680279197765646,0.69,6.8,0.44,0.68,2.0,TOWARDS,HUMAN
2025-07-31T17:12:28.306144,HUMAN_20250731_171228_26,MOVING,7.81,0.0,0.0,0.71,7.77,0.29,0.37,2.0,TOWARDS,HUMAN
2025-07-31T17:12:28.306144,HUMAN_20250731_171228_10,SPEEDING,12.44,0.0,0.0,-3.6,11.82,1.46,0.62,2.0,TOWARDS,HUMAN
2025-07-31T17:12:28.685448,HUMAN_20250731_171228_26,MOVING,7.83,0.0,0.0,0.71,7.79,0.31,0.35,2.0,TOWARDS,HUMAN
2025-07-31T17:12:28.685448,HUMAN_20250731_171228_10,SPEEDING,12.48,0.0,0.0,-3.61,11.85,1.46,0.62,2.0,TOWARDS,HUMAN
2025-07-31T17:12:28.685448,HUMAN_20250731_171228_0,SPEEDING,11.91,0.0,0.0,1.13,11.8,1.12,0.72,2.0,TOWARDS,HUMAN
2025-07-31T17:12:29.085365,HUMAN_20250731_171229_26,MOVING,7.86,0.0,0.0,0.7,7.82,0.35,0.36,2.0,TOWARDS,HUMAN
2025-07-31T17:12:29.085365,HUMAN_20250731_171229_10,SPEEDING,12.51,0.0,0.0,-3.62,11.89,1.45,0.62,2.0,TOWARDS,HUMAN
2025-07-31T17:12:29.085365,HUMAN_20250731_171229_0,SPEEDING,11.95,0.0,0.0,1.14,11.84,1.12,0.73,2.0,TOWARDS,HUMAN
2025-07-31T17:12:29.514740,HUMAN_20250731_171229_26,MOVING,7.89,0.0,0.0,0.69,7.85,0.34,0.36,2.0,TOWARDS,HUMAN
2025-07-31T17:12:29.514740,HUMAN_20250731_171229_0,SPEEDING,11.98,0.0,0.0,1.14,11.88,1.13,0.7,2.0,TOWARDS,HUMAN
2025-07-31T17:12:29.947442,HUMAN_20250731_171229_26,MOVING,7.91,0.0,0.0,0.69,7.87,0.34,0.34,2.0,TOWARDS,HUMAN
2025-07-31T17:12:29.947442,HUMAN_20250731_171229_0,SPEEDING,12.02,0.0,0.0,1.14,11.91,1.13,0.7,2.0,TOWARDS,HUMAN
2025-07-31T17:12:30.337509,HUMAN_20250731_171230_26,STATIONARY,7.93,0.0,0.0,0.69,7.89,0.35,0.0,2.0,STATIC,HUMAN
2025-07-31T17:12:30.337509,HUMAN_20250731_171230_0,SPEEDING,12.06,0.0,0.0,1.14,11.95,1.13,0.7,2.0,TOWARDS,HUMAN
2025-07-31T17:12:30.779770,HUMAN_20250731_171230_26,STATIONARY,7.93,0.0,0.0,0.71,7.9,0.35,0.03,2.0,STATIC,HUMAN
2025-07-31T17:12:30.779770,HUMAN_20250731_171230_0,SPEEDING,12.1,0.0,0.0,1.15,11.99,1.14,0.7,2.0,TOWARDS,HUMAN
2025-07-31T17:12:31.188752,HUMAN_20250731_171231_26,STATIONARY,7.94,1.5608823634834494,2.650358033579752,0.71,7.9,0.37,0.04,2.0,STATIC,HUMAN
2025-07-31T17:12:31.696246,HUMAN_20250731_171231_26,MOVING,7.97,1.5972336376291918,2.8557523602439896,0.72,7.92,0.4,0.1,2.0,TOWARDS,HUMAN
2025-07-31T17:12:32.101869,HUMAN_20250731_171232_26,MOVING,8.38,2.2294105534277633,4.578350480702213,1.01,8.29,0.67,0.21,2.0,AWAY,HUMAN
2025-07-31T17:12:32.487120,HUMAN_20250731_171232_26,MOVING,8.31,2.7703100248446346,4.469441082840595,1.26,8.18,0.65,0.49,2.0,RIGHT,HUMAN
2025-07-31T17:12:32.862552,HUMAN_20250731_171232_26,SPEEDING,8.27,3.270444660644057,3.514547495783645,1.49,8.12,0.51,0.72,2.0,RIGHT,HUMAN
2025-07-31T17:12:33.232502,HUMAN_20250731_171233_26,SPEEDING,8.24,3.482480134496431,3.9026098048047424,1.58,8.07,0.56,0.82,2.0,RIGHT,HUMAN
2025-07-31T17:12:34.646400,HUMAN_20250731_171234_26,STATIONARY,8.11,3.6220454197216387,4.429513628236881,1.65,7.92,0.63,0.0,2.0,STATIC,HUMAN
2025-07-31T17:12:35.015323,HUMAN_20250731_171235_26,STATIONARY,8.11,3.617188625321727,4.365967306291678,1.64,7.92,0.62,0.0,2.0,STATIC,HUMAN
2025-07-31T17:12:35.385193,HUMAN_20250731_171235_26,STATIONARY,8.11,3.5952986523916803,4.665028899399815,1.63,7.92,0.66,0.02,2.0,STATIC,HUMAN
2025-07-31T17:12:35.753143,HUMAN_20250731_171235_26,STATIONARY,8.11,3.5806341005995432,4.754026389862225,1.63,7.91,0.67,0.03,2.0,STATIC,HUMAN
2025-07-31T17:12:36.134405,HUMAN_20250731_171236_26,STATIONARY,8.11,3.5806341005995432,4.754026389862225,1.63,7.91,0.67,0.03,2.0,STATIC,HUMAN
2025-07-31T17:12:36.514083,HUMAN_20250731_171236_26,STATIONARY,8.11,3.5806341005995432,4.754026389862225,1.63,7.91,0.67,0.03,2.0,STATIC,HUMAN
2025-07-31T17:12:36.900557,HUMAN_20250731_171236_26,STATIONARY,8.11,3.5768510503689765,4.689970111500007,1.63,7.91,0.66,0.03,2.0,STATIC,HUMAN
2025-07-31T17:12:37.277606,HUMAN_20250731_171237_26,STATIONARY,8.11,3.5768510503689765,4.689970111500007,1.63,7.91,0.66,0.03,2.0,STATIC,HUMAN
2025-07-31T17:12:37.710041,HUMAN_20250731_171237_26,STATIONARY,8.11,3.5672999984246787,4.627860609007774,1.62,7.91,0.65,0.03,2.0,STATIC,HUMAN
2025-07-31T17:12:38.166658,HUMAN_20250731_171238_26,STATIONARY,8.11,3.5672999984246787,4.627860609007774,1.62,7.91,0.65,0.03,2.0,STATIC,HUMAN
2025-07-31T17:12:38.601263,HUMAN_20250731_171238_26,STATIONARY,8.11,3.5672999984246787,4.627860609007774,1.62,7.91,0.65,0.03,2.0,STATIC,HUMAN
2025-07-31T17:12:39.024703,HUMAN_20250731_171239_26,STATIONARY,8.11,3.5672999984246787,4.627860609007774,1.62,7.91,0.65,0.03,2.0,STATIC,HUMAN
2025-07-31T17:12:39.456383,HUMAN_20250731_171239_26,STATIONARY,8.1,3.5600358952220796,4.583030320291146,1.62,7.91,0.65,0.04,2.0,STATIC,HUMAN
2025-07-31T17:12:39.879916,HUMAN_20250731_171239_26,MOVING,8.1,3.4762307592134625,4.5042858530778345,1.58,7.92,0.64,0.08,2.0,LEFT,HUMAN
2025-07-31T17:12:40.312885,HUMAN_20250731_171240_26,MOVING,8.1,3.460880348873099,4.474532969351965,1.57,7.92,0.63,0.09,2.0,LEFT,HUMAN
2025-07-31T17:12:40.740144,HUMAN_20250731_171240_26,STATIONARY,8.1,3.4498231803866055,4.477425593471764,1.57,7.92,0.63,0.0,2.0,STATIC,HUMAN
2025-07-31T17:12:41.156026,HUMAN_20250731_171241_26,STATIONARY,8.1,3.4498231803866055,4.477425593471764,1.57,7.92,0.63,0.0,2.0,STATIC,HUMAN
2025-07-31T17:12:41.695688,HUMAN_20250731_171241_26,STATIONARY,8.08,3.320777816324778,4.529609564760966,1.51,7.91,0.64,0.08,2.0,LEFT,HUMAN
2025-07-31T17:12:42.122279,HUMAN_20250731_171242_26,STATIONARY,8.08,3.320777816324778,4.529609564760966,1.51,7.91,0.64,0.08,2.0,LEFT,HUMAN
2025-07-31T17:12:42.561017,HUMAN_20250731_171242_26,STATIONARY,8.08,3.320777816324778,4.529609564760966,1.51,7.91,0.64,0.08,2.0,LEFT,HUMAN
2025-07-31T17:12:42.990403,HUMAN_20250731_171242_26,STATIONARY,8.08,3.320777816324778,4.529609564760966,1.51,7.91,0.64,0.08,2.0,LEFT,HUMAN
2025-07-31T17:12:43.420961,HUMAN_20250731_171243_26,STATIONARY,8.08,3.320777816324778,4.529609564760966,1.51,7.91,0.64,0.08,2.0,LEFT,HUMAN
2025-07-31T17:12:43.856213,HUMAN_20250731_171243_26,STATIONARY,8.08,3.320777816324778,4.529609564760966,1.51,7.91,0.64,0.08,2.0,LEFT,HUMAN
2025-07-31T17:12:44.229410,HUMAN_20250731_171244_26,STATIONARY,8.08,3.320777816324778,4.529609564760966,1.51,7.91,0.64,0.08,2.0,LEFT,HUMAN
2025-07-31T17:12:44.610606,HUMAN_20250731_171244_26,STATIONARY,8.08,3.320777816324778,4.529609564760966,1.51,7.91,0.64,0.08,2.0,LEFT,HUMAN
2025-07-31T17:12:44.979855,HUMAN_20250731_171244_26,STATIONARY,8.08,3.320777816324778,4.529609564760966,1.51,7.91,0.64,0.08,2.0,LEFT,HUMAN
2025-07-31T17:12:45.364810,HUMAN_20250731_171245_26,STATIONARY,8.08,3.320777816324778,4.529609564760966,1.51,7.91,0.64,0.08,2.0,LEFT,HUMAN
2025-07-31T17:12:45.738671,HUMAN_20250731_171245_26,STATIONARY,8.08,3.320777816324778,4.529609564760966,1.51,7.91,0.64,0.08,2.0,LEFT,HUMAN
2025-07-31T17:12:46.105173,HUMAN_20250731_171246_26,STATIONARY,8.08,3.320777816324778,4.529609564760966,1.51,7.91,0.64,0.08,2.0,LEFT,HUMAN
2025-07-31T17:12:46.476255,HUMAN_20250731_171246_26,STATIONARY,8.08,3.320777816324778,4.529609564760966,1.51,7.91,0.64,0.08,2.0,LEFT,HUMAN
2025-07-31T17:12:46.841794,HUMAN_20250731_171246_26,STATIONARY,8.08,3.320777816324778,4.529609564760966,1.51,7.91,0.64,0.08,2.0,LEFT,HUMAN
2025-07-31T17:12:47.510755,HUMAN_20250731_171247_26,STATIONARY,8.08,3.320777816324778,4.529609564760966,1.51,7.91,0.64,0.08,2.0,LEFT,HUMAN
2025-07-31T17:12:47.946594,HUMAN_20250731_171247_26,STATIONARY,8.08,3.320777816324778,4.529609564760966,1.51,7.91,0.64,0.08,2.0,LEFT,HUMAN
2025-07-31T17:12:48.382114,HUMAN_20250731_171248_26,STATIONARY,8.08,3.320777816324778,4.529609564760966,1.51,7.91,0.64,0.08,2.0,LEFT,HUMAN
2025-07-31T17:12:48.838477,HUMAN_20250731_171248_26,STATIONARY,8.08,3.320777816324778,4.529609564760966,1.51,7.91,0.64,0.08,2.0,LEFT,HUMAN
2025-07-31T17:12:49.210809,HUMAN_20250731_171249_26,STATIONARY,8.08,3.320777816324778,4.529609564760966,1.51,7.91,0.64,0.08,2.0,LEFT,HUMAN
2025-07-31T17:12:49.583262,HUMAN_20250731_171249_26,STATIONARY,8.08,3.320777816324778,4.529609564760966,1.51,7.91,0.64,0.08,2.0,LEFT,HUMAN
2025-07-31T17:12:49.951561,HUMAN_20250731_171249_26,STATIONARY,8.08,3.320777816324778,4.529609564760966,1.51,7.91,0.64,0.08,2.0,LEFT,HUMAN
2025-07-31T17:12:50.313282,HUMAN_20250731_171250_26,STATIONARY,8.08,3.320777816324778,4.529609564760966,1.51,7.91,0.64,0.08,2.0,LEFT,HUMAN
2025-07-31T17:12:50.688189,HUMAN_20250731_171250_26,STATIONARY,8.08,3.320777816324778,4.529609564760966,1.51,7.91,0.64,0.08,2.0,LEFT,HUMAN
2025-07-31T17:12:51.073981,HUMAN_20250731_171251_26,STATIONARY,8.08,3.320777816324778,4.529609564760966,1.51,7.91,0.64,0.08,2.0,LEFT,HUMAN
2025-07-31T17:12:51.464007,HUMAN_20250731_171251_26,STATIONARY,8.08,3.320777816324778,4.529609564760966,1.51,7.91,0.64,0.08,2.0,LEFT,HUMAN
2025-07-31T17:12:54.806693,HUMAN_20250731_171254_26,SPEEDING,2.03,0.0,0.0,1.36,1.51,-0.04,0.64,2.0,RIGHT,HUMAN
2025-07-31T17:12:54.806693,HUMAN_20250731_171254_2,MOVING,8.08,0.0,0.0,1.37,7.91,0.86,0.22,2.0,LEFT,HUMAN
2025-07-31T17:12:55.195461,HUMAN_20250731_171255_26,SPEEDING,2.07,0.0,0.0,1.39,1.53,-0.04,0.63,2.0,RIGHT,HUMAN
2025-07-31T17:12:55.195461,HUMAN_20250731_171255_2,MOVING,8.08,0.0,0.0,1.37,7.91,0.86,0.22,2.0,LEFT,HUMAN
2025-07-31T17:12:55.593256,HUMAN_20250731_171255_26,SPEEDING,2.1,0.0,0.0,1.42,1.55,-0.05,0.63,2.0,RIGHT,HUMAN
2025-07-31T17:12:55.593256,HUMAN_20250731_171255_2,MOVING,8.08,0.0,0.0,1.37,7.91,0.86,0.22,2.0,LEFT,HUMAN
2025-07-31T17:12:55.972978,HUMAN_20250731_171255_26,SPEEDING,2.14,0.0,0.0,1.45,1.57,-0.05,0.63,2.0,RIGHT,HUMAN
2025-07-31T17:12:55.972978,HUMAN_20250731_171255_2,MOVING,8.08,0.0,0.0,1.37,7.91,0.86,0.22,2.0,LEFT,HUMAN
2025-07-31T17:12:56.346294,HUMAN_20250731_171256_26,SPEEDING,2.18,0.0,0.0,1.48,1.6,-0.06,0.65,2.0,RIGHT,HUMAN
2025-07-31T17:12:56.346294,HUMAN_20250731_171256_2,MOVING,8.08,0.0,0.0,1.37,7.91,0.86,0.22,2.0,LEFT,HUMAN
2025-07-31T17:12:56.741435,HUMAN_20250731_171256_26,SPEEDING,2.23,0.0,0.0,1.52,1.63,-0.06,0.66,2.0,RIGHT,HUMAN
2025-07-31T17:12:56.741435,HUMAN_20250731_171256_2,MOVING,8.08,0.0,0.0,1.37,7.91,0.86,0.22,2.0,LEFT,HUMAN
2025-07-31T17:12:57.132572,HUMAN_20250731_171257_26,SPEEDING,2.28,0.0,0.0,1.55,1.67,-0.06,0.68,2.0,RIGHT,HUMAN
2025-07-31T17:12:57.132572,HUMAN_20250731_171257_2,MOVING,8.08,0.0,0.0,1.37,7.91,0.86,0.22,2.0,LEFT,HUMAN
2025-07-31T17:12:57.530438,HUMAN_20250731_171257_26,SPEEDING,2.32,0.0,0.0,1.58,1.69,-0.07,0.69,2.0,RIGHT,HUMAN
2025-07-31T17:12:57.530438,HUMAN_20250731_171257_2,MOVING,8.08,0.0,0.0,1.37,7.91,0.86,0.22,2.0,LEFT,HUMAN
2025-07-31T17:12:57.917350,HUMAN_20250731_171257_26,SPEEDING,2.36,0.0,0.0,1.62,1.72,-0.07,0.7,2.0,RIGHT,HUMAN
2025-07-31T17:12:57.917350,HUMAN_20250731_171257_2,MOVING,8.12,0.0,0.0,1.35,7.96,0.87,0.3,2.0,LEFT,HUMAN
2025-07-31T17:12:58.342754,HUMAN_20250731_171258_26,SPEEDING,2.4,0.0,0.0,1.65,1.74,-0.07,0.7,2.0,RIGHT,HUMAN
2025-07-31T17:12:58.342754,HUMAN_20250731_171258_2,MOVING,8.11,0.0,0.0,1.34,7.95,0.87,0.32,2.0,LEFT,HUMAN
2025-07-31T17:12:58.734058,HUMAN_20250731_171258_26,SPEEDING,2.43,0.0,0.0,1.68,1.76,-0.08,0.7,2.0,RIGHT,HUMAN
2025-07-31T17:12:58.734058,HUMAN_20250731_171258_2,MOVING,8.11,0.0,0.0,1.33,7.95,0.86,0.35,2.0,LEFT,HUMAN
2025-07-31T17:12:59.199302,HUMAN_20250731_171259_26,SPEEDING,2.47,0.0,0.0,1.71,1.78,-0.08,0.7,2.0,RIGHT,HUMAN
2025-07-31T17:12:59.199302,HUMAN_20250731_171259_2,MOVING,8.11,0.0,0.0,1.33,7.95,0.86,0.35,2.0,LEFT,HUMAN
2025-07-31T17:12:59.592666,HUMAN_20250731_171259_26,SPEEDING,2.51,0.0,0.0,1.74,1.8,-0.09,0.7,2.0,RIGHT,HUMAN
2025-07-31T17:12:59.592666,HUMAN_20250731_171259_2,MOVING,8.11,0.0,0.0,1.33,7.95,0.86,0.35,2.0,LEFT,HUMAN
2025-07-31T17:12:59.984210,HUMAN_20250731_171259_26,SPEEDING,2.55,0.0,0.0,1.84,1.77,-0.08,0.74,2.0,RIGHT,HUMAN
2025-07-31T17:12:59.984210,HUMAN_20250731_171259_2,MOVING,8.11,0.0,0.0,1.33,7.95,0.86,0.35,2.0,LEFT,HUMAN
2025-07-31T17:13:00.562041,HUMAN_20250731_171300_2,MOVING,8.11,33.54233610150651,6.0915268000289835,1.33,7.95,0.86,0.35,2.0,LEFT,HUMAN
2025-07-31T17:13:00.954984,HUMAN_20250731_171300_2,MOVING,8.11,33.54233610150651,6.0915268000289835,1.33,7.95,0.86,0.35,2.0,LEFT,HUMAN
2025-07-31T17:13:01.391168,HUMAN_20250731_171301_2,MOVING,8.11,33.54233610150651,6.0915268000289835,1.33,7.95,0.86,0.35,2.0,LEFT,HUMAN
2025-07-31T17:13:01.846023,HUMAN_20250731_171301_2,MOVING,8.11,33.54233610150651,6.0915268000289835,1.33,7.95,0.86,0.35,2.0,LEFT,HUMAN
2025-07-31T17:13:02.290103,HUMAN_20250731_171302_2,MOVING,8.11,33.54233610150651,6.0915268000289835,1.33,7.95,0.86,0.35,2.0,LEFT,HUMAN
2025-07-31T17:13:02.746685,HUMAN_20250731_171302_2,MOVING,8.11,33.54233610150651,6.0915268000289835,1.33,7.95,0.86,0.35,2.0,LEFT,HUMAN
2025-07-31T17:13:03.130688,HUMAN_20250731_171303_2,MOVING,8.11,33.54233610150651,6.0915268000289835,1.33,7.95,0.86,0.35,2.0,LEFT,HUMAN
2025-07-31T17:13:03.504910,HUMAN_20250731_171303_2,MOVING,8.11,33.54233610150651,6.0915268000289835,1.33,7.95,0.86,0.35,2.0,LEFT,HUMAN
2025-07-31T17:13:03.877708,HUMAN_20250731_171303_2,MOVING,8.11,33.54233610150651,6.0915268000289835,1.33,7.95,0.86,0.35,2.0,LEFT,HUMAN
2025-07-31T17:13:04.251949,HUMAN_20250731_171304_2,MOVING,8.11,33.54233610150651,6.0915268000289835,1.33,7.95,0.86,0.35,2.0,LEFT,HUMAN
2025-07-31T17:13:04.629594,HUMAN_20250731_171304_2,MOVING,8.11,33.54233610150651,6.0915268000289835,1.33,7.95,0.86,0.35,2.0,LEFT,HUMAN
2025-07-31T17:13:05.008329,HUMAN_20250731_171305_2,MOVING,8.11,33.54233610150651,6.0915268000289835,1.33,7.95,0.86,0.35,2.0,LEFT,HUMAN
2025-07-31T17:13:05.382286,HUMAN_20250731_171305_2,MOVING,8.11,33.54233610150651,6.0915268000289835,1.33,7.95,0.86,0.35,2.0,LEFT,HUMAN
2025-07-31T17:13:05.757986,HUMAN_20250731_171305_2,MOVING,8.11,33.54233610150651,6.0915268000289835,1.33,7.95,0.86,0.35,2.0,LEFT,HUMAN
2025-07-31T17:13:06.162529,HUMAN_20250731_171306_2,MOVING,8.11,33.54233610150651,6.0915268000289835,1.33,7.95,0.86,0.35,2.0,LEFT,HUMAN
2025-07-31T17:13:06.544145,HUMAN_20250731_171306_2,MOVING,8.11,33.54233610150651,6.0915268000289835,1.33,7.95,0.86,0.35,2.0,LEFT,HUMAN
2025-07-31T17:13:06.925188,HUMAN_20250731_171306_2,MOVING,8.11,33.54233610150651,6.0915268000289835,1.33,7.95,0.86,0.35,2.0,LEFT,HUMAN
2025-07-31T17:13:07.303012,HUMAN_20250731_171307_2,MOVING,8.11,33.54233610150651,6.0915268000289835,1.33,7.95,0.86,0.35,2.0,LEFT,HUMAN
2025-07-31T17:13:07.714755,HUMAN_20250731_171307_2,MOVING,8.11,33.54233610150651,6.0915268000289835,1.33,7.95,0.86,0.35,2.0,LEFT,HUMAN
2025-07-31T17:13:08.091419,HUMAN_20250731_171308_2,MOVING,8.11,33.54233610150651,6.0915268000289835,1.33,7.95,0.86,0.35,2.0,LEFT,HUMAN
2025-07-31T17:13:08.468855,HUMAN_20250731_171308_2,MOVING,8.11,33.54233610150651,6.0915268000289835,1.33,7.95,0.86,0.35,2.0,LEFT,HUMAN
2025-07-31T17:13:08.868213,HUMAN_20250731_171308_2,MOVING,8.11,33.54233610150651,6.0915268000289835,1.33,7.95,0.86,0.35,2.0,LEFT,HUMAN
2025-07-31T17:13:09.310678,HUMAN_20250731_171309_2,MOVING,8.11,33.54233610150651,6.0915268000289835,1.33,7.95,0.86,0.35,2.0,LEFT,HUMAN
2025-07-31T17:13:09.745458,HUMAN_20250731_171309_2,MOVING,8.11,33.54233610150651,6.0915268000289835,1.33,7.95,0.86,0.35,2.0,LEFT,HUMAN
2025-07-31T17:13:10.550839,HUMAN_20250731_171310_2,MOVING,8.11,33.54233610150651,6.0915268000289835,1.33,7.95,0.86,0.35,2.0,LEFT,HUMAN
2025-07-31T17:13:10.990054,HUMAN_20250731_171310_2,MOVING,8.11,33.54233610150651,6.0915268000289835,1.33,7.95,0.86,0.35,2.0,LEFT,HUMAN
2025-07-31T17:13:11.439962,HUMAN_20250731_171311_2,MOVING,8.11,33.54233610150651,6.0915268000289835,1.33,7.95,0.86,0.35,2.0,LEFT,HUMAN
2025-07-31T17:13:11.875554,HUMAN_20250731_171311_2,MOVING,8.11,33.54233610150651,6.0915268000289835,1.33,7.95,0.86,0.35,2.0,LEFT,HUMAN
2025-07-31T17:13:12.312811,HUMAN_20250731_171312_2,MOVING,8.11,33.54233610150651,6.0915268000289835,1.33,7.95,0.86,0.35,2.0,LEFT,HUMAN
2025-07-31T17:13:12.751042,HUMAN_20250731_171312_2,MOVING,8.11,33.54233610150651,6.0915268000289835,1.33,7.95,0.86,0.35,2.0,LEFT,HUMAN
2025-07-31T17:13:13.177956,HUMAN_20250731_171313_2,MOVING,8.11,33.54233610150651,6.0915268000289835,1.33,7.95,0.86,0.35,2.0,LEFT,HUMAN
2025-07-31T17:13:13.623885,HUMAN_20250731_171313_2,MOVING,8.11,33.54233610150651,6.0915268000289835,1.33,7.95,0.86,0.35,2.0,LEFT,HUMAN
2025-07-31T17:13:14.065043,HUMAN_20250731_171314_2,MOVING,8.11,33.54233610150651,6.0915268000289835,1.33,7.95,0.86,0.35,2.0,LEFT,HUMAN
2025-07-31T17:13:14.503542,HUMAN_20250731_171314_2,MOVING,8.11,33.54233610150651,6.0915268000289835,1.33,7.95,0.86,0.35,2.0,LEFT,HUMAN
2025-07-31T17:13:14.950757,HUMAN_20250731_171314_2,MOVING,8.11,33.54233610150651,6.0915268000289835,1.33,7.95,0.86,0.35,2.0,LEFT,HUMAN
2025-07-31T17:13:15.383770,HUMAN_20250731_171315_2,MOVING,8.11,33.54233610150651,6.0915268000289835,1.33,7.95,0.86,0.35,2.0,LEFT,HUMAN
2025-07-31T17:13:15.791988,HUMAN_20250731_171315_2,MOVING,8.11,33.54233610150651,6.0915268000289835,1.33,7.95,0.86,0.35,2.0,LEFT,HUMAN
2025-07-31T17:13:16.182151,HUMAN_20250731_171316_2,MOVING,8.11,33.54233610150651,6.0915268000289835,1.33,7.95,0.86,0.35,2.0,LEFT,HUMAN
2025-07-31T17:13:16.612417,HUMAN_20250731_171316_2,MOVING,8.11,33.54233610150651,6.0915268000289835,1.33,7.95,0.86,0.35,2.0,LEFT,HUMAN
2025-07-31T17:13:17.052224,HUMAN_20250731_171317_2,MOVING,8.11,33.54233610150651,6.0915268000289835,1.33,7.95,0.86,0.35,2.0,LEFT,HUMAN
2025-07-31T17:13:17.509793,HUMAN_20250731_171317_2,MOVING,8.11,33.54233610150651,6.0915268000289835,1.33,7.95,0.86,0.35,2.0,LEFT,HUMAN
2025-07-31T17:13:17.944972,HUMAN_20250731_171317_2,MOVING,8.11,33.54233610150651,6.0915268000289835,1.33,7.95,0.86,0.35,2.0,LEFT,HUMAN
2025-07-31T17:13:18.378482,HUMAN_20250731_171318_2,MOVING,8.11,33.54233610150651,6.0915268000289835,1.33,7.95,0.86,0.35,2.0,LEFT,HUMAN
2025-07-31T17:13:18.811340,HUMAN_20250731_171318_2,MOVING,8.11,33.54233610150651,6.0915268000289835,1.33,7.95,0.86,0.35,2.0,LEFT,HUMAN
2025-07-31T17:13:19.260191,HUMAN_20250731_171319_2,MOVING,8.11,33.54233610150651,6.0915268000289835,1.33,7.95,0.86,0.35,2.0,LEFT,HUMAN
2025-07-31T17:13:19.701306,HUMAN_20250731_171319_2,MOVING,8.11,33.54233610150651,6.0915268000289835,1.33,7.95,0.86,0.35,2.0,LEFT,HUMAN
2025-07-31T17:13:20.162457,HUMAN_20250731_171320_2,MOVING,8.11,33.54233610150651,6.0915268000289835,1.33,7.95,0.86,0.35,2.0,LEFT,HUMAN
2025-07-31T17:13:21.004183,HUMAN_20250731_171321_2,MOVING,8.11,33.54233610150651,6.0915268000289835,1.33,7.95,0.86,0.35,2.0,LEFT,HUMAN
2025-07-31T17:13:21.430138,HUMAN_20250731_171321_2,MOVING,8.11,33.54233610150651,6.0915268000289835,1.33,7.95,0.86,0.35,2.0,LEFT,HUMAN
2025-07-31T17:13:21.871378,HUMAN_20250731_171321_2,MOVING,8.11,33.54233610150651,6.0915268000289835,1.33,7.95,0.86,0.35,2.0,LEFT,HUMAN
2025-07-31T17:13:22.313651,HUMAN_20250731_171322_2,MOVING,8.11,33.54233610150651,6.0915268000289835,1.33,7.95,0.86,0.35,2.0,LEFT,HUMAN
2025-07-31T17:13:22.750687,HUMAN_20250731_171322_2,MOVING,8.11,33.54233610150651,6.0915268000289835,1.33,7.95,0.86,0.35,2.0,LEFT,HUMAN
2025-07-31T17:13:23.193260,HUMAN_20250731_171323_2,MOVING,8.11,33.54233610150651,6.0915268000289835,1.33,7.95,0.86,0.35,2.0,LEFT,HUMAN
2025-07-31T17:13:23.648443,HUMAN_20250731_171323_2,MOVING,8.11,33.54233610150651,6.0915268000289835,1.33,7.95,0.86,0.35,2.0,LEFT,HUMAN
2025-07-31T17:13:24.082580,HUMAN_20250731_171324_2,MOVING,8.11,33.54233610150651,6.0915268000289835,1.33,7.95,0.86,0.35,2.0,LEFT,HUMAN
2025-07-31T17:13:24.527202,HUMAN_20250731_171324_2,MOVING,8.11,33.54233610150651,6.0915268000289835,1.33,7.95,0.86,0.35,2.0,LEFT,HUMAN
2025-07-31T17:13:24.972685,HUMAN_20250731_171324_2,MOVING,8.11,33.54233610150651,6.0915268000289835,1.33,7.95,0.86,0.35,2.0,LEFT,HUMAN
2025-07-31T17:13:25.411277,HUMAN_20250731_171325_2,MOVING,8.11,33.54233610150651,6.0915268000289835,1.33,7.95,0.86,0.35,2.0,LEFT,HUMAN
2025-07-31T17:13:25.827884,HUMAN_20250731_171325_2,MOVING,8.11,33.54233610150651,6.0915268000289835,1.33,7.95,0.86,0.35,2.0,LEFT,HUMAN
2025-07-31T17:13:26.211850,HUMAN_20250731_171326_2,MOVING,8.11,33.54233610150651,6.0915268000289835,1.33,7.95,0.86,0.35,2.0,LEFT,HUMAN
2025-07-31T17:13:26.589827,HUMAN_20250731_171326_2,MOVING,8.11,33.54233610150651,6.0915268000289835,1.33,7.95,0.86,0.35,2.0,LEFT,HUMAN
2025-07-31T17:13:26.969301,HUMAN_20250731_171326_2,MOVING,8.11,33.54233610150651,6.0915268000289835,1.33,7.95,0.86,0.35,2.0,LEFT,HUMAN
2025-07-31T17:13:27.346160,HUMAN_20250731_171327_2,MOVING,8.11,33.54233610150651,6.0915268000289835,1.33,7.95,0.86,0.35,2.0,LEFT,HUMAN
2025-07-31T17:13:27.726394,HUMAN_20250731_171327_2,MOVING,8.11,33.54233610150651,6.0915268000289835,1.33,7.95,0.86,0.35,2.0,LEFT,HUMAN
2025-07-31T17:13:28.104213,HUMAN_20250731_171328_2,MOVING,8.11,33.54233610150651,6.0915268000289835,1.33,7.95,0.86,0.35,2.0,LEFT,HUMAN
2025-07-31T17:13:28.479445,HUMAN_20250731_171328_2,MOVING,8.11,33.54233610150651,6.0915268000289835,1.33,7.95,0.86,0.35,2.0,LEFT,HUMAN
2025-07-31T17:13:28.855093,HUMAN_20250731_171328_2,MOVING,8.11,33.54233610150651,6.0915268000289835,1.33,7.95,0.86,0.35,2.0,LEFT,HUMAN
2025-07-31T17:13:29.227682,HUMAN_20250731_171329_2,MOVING,8.11,33.54233610150651,6.0915268000289835,1.33,7.95,0.86,0.35,2.0,LEFT,HUMAN
2025-07-31T17:13:29.606299,HUMAN_20250731_171329_2,MOVING,8.11,33.54233610150651,6.0915268000289835,1.33,7.95,0.86,0.35,2.0,LEFT,HUMAN
2025-07-31T17:13:29.979398,HUMAN_20250731_171329_2,MOVING,8.11,33.54233610150651,6.0915268000289835,1.33,7.95,0.86,0.35,2.0,LEFT,HUMAN
2025-07-31T17:13:30.356687,HUMAN_20250731_171330_2,MOVING,8.11,33.54233610150651,6.0915268000289835,1.33,7.95,0.86,0.35,2.0,LEFT,HUMAN
2025-07-31T17:13:30.733998,HUMAN_20250731_171330_2,MOVING,8.11,33.54233610150651,6.0915268000289835,1.33,7.95,0.86,0.35,2.0,LEFT,HUMAN
2025-07-31T17:14:04.609581,HUMAN_20250731_171404_16,SPEEDING,4.2,-0.5279757738725328,-0.02288934272970834,-0.15,4.19,-0.0,0.61,2.0,AWAY,HUMAN
2025-07-31T17:14:05.014187,HUMAN_20250731_171405_16,SPEEDING,4.16,-0.5689737980888242,0.7984585542030583,-0.16,4.15,0.06,0.59,2.0,AWAY,HUMAN
2025-07-31T17:14:05.470932,HUMAN_20250731_171405_16,SPEEDING,4.11,-0.54161623317425,-0.26680409110005954,-0.15,4.11,-0.02,0.59,2.0,AWAY,HUMAN
2025-07-31T17:14:05.904772,HUMAN_20250731_171405_16,SPEEDING,4.07,-0.6005288637948748,-0.4719053622830873,-0.17,4.07,-0.03,0.58,2.0,AWAY,HUMAN
2025-07-31T17:14:06.356131,HUMAN_20250731_171406_16,SPEEDING,4.03,-0.5387555988767928,-0.36475190680158376,-0.15,4.03,-0.03,0.59,2.0,AWAY,HUMAN
2025-07-31T17:14:06.800182,HUMAN_20250731_171406_16,MOVING,3.97,-1.0402532029239004,-0.9716153359182366,-0.29,3.96,-0.07,0.07,2.0,LEFT,HUMAN
2025-07-31T17:14:07.243610,HUMAN_20250731_171407_16,MOVING,3.97,-1.0944032430960517,-0.8170051610204896,-0.31,3.95,-0.06,0.1,2.0,LEFT,HUMAN
2025-07-31T17:14:07.678661,HUMAN_20250731_171407_16,MOVING,3.96,-1.1255859685220218,-0.531635573870694,-0.31,3.95,-0.04,0.11,2.0,LEFT,HUMAN
2025-07-31T17:14:08.387531,HUMAN_20250731_171408_16,MOVING,3.96,-1.2496556977128117,-1.1164350175217967,-0.35,3.94,-0.08,0.17,2.0,LEFT,HUMAN
2025-07-31T17:14:08.845441,HUMAN_20250731_171408_16,MOVING,3.95,-1.2682670839981585,-1.032146950874125,-0.35,3.93,-0.07,0.17,2.0,LEFT,HUMAN
2025-07-31T17:14:09.286475,HUMAN_20250731_171409_16,MOVING,3.95,-1.3026044694634111,-1.3664012448775602,-0.36,3.93,-0.09,0.18,2.0,LEFT,HUMAN
2025-07-31T17:14:09.662642,HUMAN_20250731_171409_16,MOVING,3.94,-1.3501882534496414,-1.5547057777899198,-0.38,3.92,-0.11,0.19,2.0,LEFT,HUMAN
2025-07-31T17:14:10.041770,HUMAN_20250731_171410_16,STATIONARY,3.94,-1.3848536895982608,-1.752920591150949,-0.39,3.92,-0.12,0.0,2.0,STATIC,HUMAN
2025-07-31T17:14:10.418398,HUMAN_20250731_171410_16,STATIONARY,3.94,-1.3848536895982608,-1.752920591150949,-0.39,3.92,-0.12,0.0,2.0,STATIC,HUMAN
2025-07-31T17:14:10.797640,HUMAN_20250731_171410_16,STATIONARY,3.94,-1.3848536895982608,-1.752920591150949,-0.39,3.92,-0.12,0.0,2.0,STATIC,HUMAN
2025-07-31T17:14:11.176993,HUMAN_20250731_171411_16,STATIONARY,3.94,-1.3769790026176185,-1.6358707362576277,-0.38,3.92,-0.11,0.0,2.0,STATIC,HUMAN
2025-07-31T17:14:11.552506,HUMAN_20250731_171411_16,STATIONARY,3.94,-1.37890634854239,-1.6237031061079537,-0.39,3.92,-0.11,0.0,2.0,STATIC,HUMAN
2025-07-31T17:14:11.924854,HUMAN_20250731_171411_16,STATIONARY,3.96,-1.4481448136708732,-1.7184434935308055,-0.4,3.93,-0.12,0.03,2.0,STATIC,HUMAN
2025-07-31T17:14:12.295104,HUMAN_20250731_171412_16,STATIONARY,3.96,-1.4617398583085572,-1.8386837347175216,-0.41,3.94,-0.13,0.04,2.0,STATIC,HUMAN
2025-07-31T17:14:12.674756,HUMAN_20250731_171412_16,STATIONARY,3.96,-1.4686131482756826,-1.8459999608561406,-0.41,3.94,-0.13,0.0,2.0,STATIC,HUMAN
2025-07-31T17:14:13.055913,HUMAN_20250731_171413_16,STATIONARY,3.96,-1.4723509605609975,-1.7948605400295226,-0.41,3.94,-0.12,0.0,2.0,STATIC,HUMAN
2025-07-31T17:14:13.439706,HUMAN_20250731_171413_16,STATIONARY,3.96,-1.475918012235603,-1.7453427183704355,-0.41,3.94,-0.12,0.0,2.0,STATIC,HUMAN
2025-07-31T17:14:13.845523,HUMAN_20250731_171413_16,STATIONARY,3.98,-1.3947227327240188,0.5142867124321467,-0.39,3.96,0.04,0.01,2.0,STATIC,HUMAN
2025-07-31T17:14:14.228446,HUMAN_20250731_171414_16,STATIONARY,3.98,-1.3947227327240188,0.5142867124321467,-0.39,3.96,0.04,0.01,2.0,STATIC,HUMAN
2025-07-31T17:14:14.616889,HUMAN_20250731_171414_16,STATIONARY,3.98,-1.3947227327240188,0.5142867124321467,-0.39,3.96,0.04,0.01,2.0,STATIC,HUMAN
2025-07-31T17:14:15.003710,HUMAN_20250731_171415_16,STATIONARY,3.98,-1.3947227327240188,0.5142867124321467,-0.39,3.96,0.04,0.01,2.0,STATIC,HUMAN
2025-07-31T17:14:15.396615,HUMAN_20250731_171415_16,STATIONARY,3.98,-1.3947227327240188,0.5142867124321467,-0.39,3.96,0.04,0.01,2.0,STATIC,HUMAN
2025-07-31T17:14:15.772719,HUMAN_20250731_171415_16,STATIONARY,3.98,-1.3947227327240188,0.5142867124321467,-0.39,3.96,0.04,0.01,2.0,STATIC,HUMAN
2025-07-31T17:14:16.148760,HUMAN_20250731_171416_16,STATIONARY,3.98,-1.3947227327240188,0.5142867124321467,-0.39,3.96,0.04,0.01,2.0,STATIC,HUMAN
2025-07-31T17:14:16.532459,HUMAN_20250731_171416_16,STATIONARY,3.98,-1.3947227327240188,0.5142867124321467,-0.39,3.96,0.04,0.01,2.0,STATIC,HUMAN
2025-07-31T17:14:16.910049,HUMAN_20250731_171416_16,STATIONARY,3.98,-1.3947227327240188,0.5142867124321467,-0.39,3.96,0.04,0.01,2.0,STATIC,HUMAN
2025-07-31T17:14:17.284951,HUMAN_20250731_171417_16,STATIONARY,3.98,-1.3752868393895645,0.4939403529449353,-0.38,3.96,0.03,0.02,2.0,STATIC,HUMAN
2025-07-31T17:14:17.667398,HUMAN_20250731_171417_16,STATIONARY,3.98,-1.3752868393895645,0.4939403529449353,-0.38,3.96,0.03,0.02,2.0,STATIC,HUMAN
2025-07-31T17:14:18.057932,HUMAN_20250731_171418_16,STATIONARY,3.98,-1.376005195771159,0.5182170013854401,-0.38,3.96,0.04,0.02,2.0,STATIC,HUMAN
2025-07-31T17:14:18.471766,HUMAN_20250731_171418_16,STATIONARY,3.96,-0.5864274779177634,0.10967178754090448,-0.16,3.95,0.01,0.04,2.0,STATIC,HUMAN
2025-07-31T17:14:18.849105,HUMAN_20250731_171418_16,MOVING,3.96,-0.6118021090580984,0.19562149154617733,-0.17,3.96,0.01,0.05,2.0,STATIC,HUMAN
2025-07-31T17:14:19.234014,HUMAN_20250731_171419_16,MOVING,3.96,-0.6645999567211646,0.416330274489276,-0.19,3.95,0.03,0.07,2.0,LEFT,HUMAN
2025-07-31T17:14:19.618322,HUMAN_20250731_171419_16,MOVING,3.96,-0.7198612389966624,0.5728948258424318,-0.2,3.95,0.04,0.09,2.0,LEFT,HUMAN
2025-07-31T17:14:20.001990,HUMAN_20250731_171420_16,MOVING,3.96,-0.7960595640793117,0.6853925859747058,-0.22,3.95,0.05,0.12,2.0,LEFT,HUMAN
2025-07-31T17:14:20.382984,HUMAN_20250731_171420_16,MOVING,3.96,-0.8585569468457002,0.7964772948091015,-0.24,3.95,0.06,0.14,2.0,LEFT,HUMAN
2025-07-31T17:14:20.767234,HUMAN_20250731_171420_16,MOVING,3.96,-0.9083126428280305,1.092848559836312,-0.25,3.95,0.08,0.16,2.0,LEFT,HUMAN
2025-07-31T17:14:21.151529,HUMAN_20250731_171421_16,MOVING,3.96,-0.9157876706280383,1.1264435827470276,-0.26,3.95,0.08,0.15,2.0,LEFT,HUMAN
2025-07-31T17:14:21.527854,HUMAN_20250731_171421_16,MOVING,3.97,-0.9507630417699637,1.4339427661087651,-0.27,3.96,0.1,0.16,2.0,LEFT,HUMAN
2025-07-31T17:14:21.907376,HUMAN_20250731_171421_16,MOVING,3.98,-0.9595350481704478,1.586473066583836,-0.27,3.97,0.11,0.16,2.0,LEFT,HUMAN
2025-07-31T17:14:22.273898,HUMAN_20250731_171422_16,STATIONARY,3.98,-0.9905973251756786,1.7274392875359725,-0.28,3.97,0.12,0.0,2.0,STATIC,HUMAN
2025-07-31T17:14:22.652251,HUMAN_20250731_171422_16,STATIONARY,3.98,-0.9519611960517161,1.6065890724383824,-0.27,3.97,0.11,0.02,2.0,STATIC,HUMAN
2025-07-31T17:14:23.027077,HUMAN_20250731_171423_16,STATIONARY,3.99,-0.8879882750032467,1.4002294792087409,-0.25,3.98,0.1,0.05,2.0,STATIC,HUMAN
2025-07-31T17:14:23.401280,HUMAN_20250731_171423_16,STATIONARY,3.99,-0.8879882750032467,1.4002294792087409,-0.25,3.98,0.1,0.05,2.0,STATIC,HUMAN
2025-07-31T17:14:23.791139,HUMAN_20250731_171423_16,STATIONARY,4.0,-0.8678608068006288,1.4510549085963935,-0.24,3.99,0.1,0.06,2.0,RIGHT,HUMAN
2025-07-31T17:14:24.209112,HUMAN_20250731_171424_16,STATIONARY,4.0,-0.8678608068006288,1.4510549085963935,-0.24,3.99,0.1,0.06,2.0,RIGHT,HUMAN
2025-07-31T17:14:24.598626,HUMAN_20250731_171424_16,STATIONARY,4.0,-0.8678608068006288,1.4510549085963935,-0.24,3.99,0.1,0.06,2.0,RIGHT,HUMAN
2025-07-31T17:14:24.981595,HUMAN_20250731_171424_16,STATIONARY,4.0,-0.8678608068006288,1.4510549085963935,-0.24,3.99,0.1,0.06,2.0,RIGHT,HUMAN
2025-07-31T17:14:25.375382,HUMAN_20250731_171425_16,STATIONARY,4.0,-0.8678608068006288,1.4510549085963935,-0.24,3.99,0.1,0.06,2.0,RIGHT,HUMAN
2025-07-31T17:14:25.799241,HUMAN_20250731_171425_16,STATIONARY,4.0,-0.8678608068006288,1.4510549085963935,-0.24,3.99,0.1,0.06,2.0,RIGHT,HUMAN
2025-07-31T17:14:26.658137,HUMAN_20250731_171426_16,MOVING,3.93,-0.960936870766535,1.631170134943763,-0.27,3.92,0.11,0.21,2.0,TOWARDS,HUMAN
2025-07-31T17:14:27.043820,HUMAN_20250731_171427_16,MOVING,3.94,-0.8793997018652033,1.2564737706260614,-0.25,3.93,0.09,0.25,2.0,RIGHT,HUMAN
2025-07-31T17:14:27.421296,HUMAN_20250731_171427_16,MOVING,3.93,-0.7892169179826627,1.29040811448507,-0.22,3.93,0.09,0.27,2.0,RIGHT,HUMAN
2025-07-31T17:14:27.803345,HUMAN_20250731_171427_16,MOVING,3.94,-0.7375818580286183,0.022000186461657183,-0.21,3.93,0.0,0.28,2.0,RIGHT,HUMAN
2025-07-31T17:14:28.181035,HUMAN_20250731_171428_16,MOVING,3.94,-0.6633011146297335,0.05413057125466381,-0.19,3.93,0.0,0.3,2.0,RIGHT,HUMAN
2025-07-31T17:14:28.557150,HUMAN_20250731_171428_16,MOVING,3.94,-0.5938001513245208,0.036049492923589235,-0.17,3.94,0.0,0.32,2.0,RIGHT,HUMAN
2025-07-31T17:14:28.942874,HUMAN_20250731_171428_16,MOVING,3.96,-0.4174659146128022,-0.05015518422635816,-0.12,3.96,-0.0,0.39,2.0,RIGHT,HUMAN
2025-07-31T17:14:29.319362,HUMAN_20250731_171429_16,MOVING,3.96,-0.37296199093072374,-0.5606267157702187,-0.1,3.96,-0.04,0.39,2.0,RIGHT,HUMAN
2025-07-31T17:14:29.933491,HUMAN_20250731_171429_16,MOVING,3.96,-0.2929643323676115,-0.8844191532735223,-0.08,3.96,-0.06,0.4,2.0,RIGHT,HUMAN
2025-07-31T17:14:30.310873,HUMAN_20250731_171430_16,MOVING,3.96,-0.16621835327537715,-1.0703493203398151,-0.05,3.96,-0.07,0.44,2.0,RIGHT,HUMAN
2025-07-31T17:14:30.859961,HUMAN_20250731_171430_16,SPEEDING,4.31,0.05883081621796071,-0.21702268547982198,0.02,4.31,-0.02,0.61,2.0,TOWARDS,HUMAN
2025-07-31T17:14:31.237586,HUMAN_20250731_171431_16,SPEEDING,4.34,0.17208694169425318,-0.44288959316832616,0.05,4.34,-0.03,0.63,2.0,TOWARDS,HUMAN
2025-07-31T17:14:31.625531,HUMAN_20250731_171431_16,SPEEDING,4.38,0.21620767794816204,-0.86893104350444,0.06,4.38,-0.07,0.67,2.0,TOWARDS,HUMAN
2025-07-31T17:14:32.002607,HUMAN_20250731_171432_16,SPEEDING,4.42,0.29594971300753353,-0.7638392560172581,0.08,4.42,-0.06,0.7,2.0,TOWARDS,HUMAN
2025-07-31T17:14:32.412897,HUMAN_20250731_171432_16,SPEEDING,4.46,0.36289065263777426,-0.7196495271068374,0.1,4.46,-0.06,0.73,2.0,TOWARDS,HUMAN
2025-07-31T17:14:32.856612,HUMAN_20250731_171432_16,SPEEDING,4.51,0.4474424648267394,-0.571369199306159,0.12,4.5,-0.04,0.79,2.0,TOWARDS,HUMAN
2025-07-31T17:14:34.119642,HUMAN_20250731_171434_16,SPEEDING,6.75,0.0,0.0,0.5,6.72,0.44,0.61,2.0,TOWARDS,HUMAN
2025-07-31T17:14:34.119642,HUMAN_20250731_171434_27,SPEEDING,8.15,0.0,0.0,0.52,8.07,1.02,0.56,2.0,LEFT,HUMAN
2025-07-31T17:14:34.520531,HUMAN_20250731_171434_16,SPEEDING,6.77,0.0,0.0,0.52,6.74,0.44,0.57,2.0,TOWARDS,HUMAN
2025-07-31T17:14:34.520531,HUMAN_20250731_171434_27,SPEEDING,8.08,0.0,0.0,0.45,8.02,0.82,0.63,2.0,LEFT,HUMAN
2025-07-31T17:14:34.945045,HUMAN_20250731_171434_16,SPEEDING,6.79,0.0,0.0,0.54,6.75,0.46,0.54,2.0,TOWARDS,HUMAN
2025-07-31T17:14:34.945045,HUMAN_20250731_171434_27,SPEEDING,8.05,0.0,0.0,0.42,8.0,0.81,0.62,2.0,LEFT,HUMAN
2025-07-31T17:14:35.340739,HUMAN_20250731_171435_16,SPEEDING,6.81,0.0,0.0,0.56,6.77,0.48,0.52,2.0,RIGHT,HUMAN
2025-07-31T17:14:35.340739,HUMAN_20250731_171435_27,SPEEDING,8.03,0.0,0.0,0.4,7.98,0.8,0.62,2.0,LEFT,HUMAN
2025-07-31T17:14:35.734303,HUMAN_20250731_171435_16,SPEEDING,6.83,0.0,0.0,0.59,6.79,0.45,0.51,2.0,RIGHT,HUMAN
2025-07-31T17:14:35.734303,HUMAN_20250731_171435_27,SPEEDING,8.01,0.0,0.0,0.37,7.96,0.79,0.62,2.0,LEFT,HUMAN
2025-07-31T17:14:36.141486,HUMAN_20250731_171436_16,SPEEDING,6.84,0.0,0.0,0.61,6.8,0.46,0.51,2.0,RIGHT,HUMAN
2025-07-31T17:14:36.141486,HUMAN_20250731_171436_27,SPEEDING,7.97,0.0,0.0,0.35,7.93,0.71,0.62,2.0,LEFT,HUMAN
2025-07-31T17:14:36.646856,HUMAN_20250731_171436_16,SPEEDING,6.87,0.0,0.0,0.67,6.82,0.48,0.51,2.0,RIGHT,HUMAN
2025-07-31T17:14:36.646856,HUMAN_20250731_171436_27,SPEEDING,7.87,0.0,0.0,0.34,7.84,0.52,0.62,2.0,AWAY,HUMAN
2025-07-31T17:14:39.567720,HUMAN_20250731_171439_27,MOVING,7.85,3.4875005162137946,5.44813516659397,1.65,7.64,0.75,0.04,2.0,STATIC,HUMAN
2025-07-31T17:14:39.957730,HUMAN_20250731_171439_27,MOVING,7.85,3.4875005162137946,5.44813516659397,1.65,7.64,0.75,0.04,2.0,STATIC,HUMAN
2025-07-31T17:14:40.368531,HUMAN_20250731_171440_27,MOVING,7.86,3.352261362260817,5.300109682378491,1.58,7.67,0.73,0.1,2.0,LEFT,HUMAN
2025-07-31T17:14:40.760841,HUMAN_20250731_171440_27,MOVING,7.87,3.34595995760801,5.303521185937478,1.58,7.67,0.73,0.1,2.0,LEFT,HUMAN
2025-07-31T17:14:41.160082,HUMAN_20250731_171441_27,MOVING,7.87,3.34595995760801,5.303521185937478,1.58,7.67,0.73,0.1,2.0,LEFT,HUMAN
2025-07-31T17:14:41.551264,HUMAN_20250731_171441_27,MOVING,7.87,3.34595995760801,5.303521185937478,1.58,7.67,0.73,0.1,2.0,LEFT,HUMAN
2025-07-31T17:14:41.960782,HUMAN_20250731_171441_27,MOVING,7.87,3.34595995760801,5.303521185937478,1.58,7.67,0.73,0.1,2.0,LEFT,HUMAN
2025-07-31T17:14:42.344627,HUMAN_20250731_171442_27,MOVING,7.88,3.2902867775610622,4.957153764551606,1.55,7.7,0.68,0.13,2.0,LEFT,HUMAN
2025-07-31T17:14:42.729893,HUMAN_20250731_171442_27,MOVING,7.89,3.2394627824084443,4.776134356687137,1.53,7.71,0.66,0.15,2.0,LEFT,HUMAN
2025-07-31T17:14:43.110154,HUMAN_20250731_171443_27,STATIONARY,7.89,3.224422599768036,4.706988191710755,1.52,7.72,0.65,0.0,2.0,STATIC,HUMAN
2025-07-31T17:14:43.495317,HUMAN_20250731_171443_27,STATIONARY,7.89,3.224422599768036,4.706988191710755,1.52,7.72,0.65,0.0,2.0,STATIC,HUMAN
2025-07-31T17:14:43.878458,HUMAN_20250731_171443_27,STATIONARY,7.89,3.224422599768036,4.706988191710755,1.52,7.72,0.65,0.0,2.0,STATIC,HUMAN
2025-07-31T17:14:44.263426,HUMAN_20250731_171444_27,STATIONARY,7.89,3.224422599768036,4.706988191710755,1.52,7.72,0.65,0.0,2.0,STATIC,HUMAN
2025-07-31T17:14:44.651724,HUMAN_20250731_171444_27,STATIONARY,7.89,3.224422599768036,4.706988191710755,1.52,7.72,0.65,0.0,2.0,STATIC,HUMAN
2025-07-31T17:14:45.036546,HUMAN_20250731_171445_27,STATIONARY,7.89,3.224422599768036,4.706988191710755,1.52,7.72,0.65,0.0,2.0,STATIC,HUMAN
2025-07-31T17:14:45.428062,HUMAN_20250731_171445_27,STATIONARY,7.89,3.224422599768036,4.706988191710755,1.52,7.72,0.65,0.0,2.0,STATIC,HUMAN
2025-07-31T17:14:45.813132,HUMAN_20250731_171445_27,STATIONARY,7.89,3.224422599768036,4.706988191710755,1.52,7.72,0.65,0.0,2.0,STATIC,HUMAN
2025-07-31T17:14:46.195305,HUMAN_20250731_171446_27,STATIONARY,7.89,3.224422599768036,4.706988191710755,1.52,7.72,0.65,0.0,2.0,STATIC,HUMAN
2025-07-31T17:14:46.577245,HUMAN_20250731_171446_27,STATIONARY,7.89,3.224422599768036,4.706988191710755,1.52,7.72,0.65,0.0,2.0,STATIC,HUMAN
2025-07-31T17:14:46.962105,HUMAN_20250731_171446_27,STATIONARY,7.89,3.224422599768036,4.706988191710755,1.52,7.72,0.65,0.0,2.0,STATIC,HUMAN
2025-07-31T17:14:47.352709,HUMAN_20250731_171447_27,STATIONARY,7.89,3.224422599768036,4.706988191710755,1.52,7.72,0.65,0.0,2.0,STATIC,HUMAN
2025-07-31T17:14:48.141835,HUMAN_20250731_171448_27,MOVING,7.9,3.00882761097284,4.738122901318147,1.42,7.74,0.65,0.11,2.0,LEFT,HUMAN
2025-07-31T17:14:48.526241,HUMAN_20250731_171448_27,MOVING,7.9,3.00882761097284,4.738122901318147,1.42,7.74,0.65,0.11,2.0,LEFT,HUMAN
2025-07-31T17:14:48.913949,HUMAN_20250731_171448_27,MOVING,7.9,3.00882761097284,4.738122901318147,1.42,7.74,0.65,0.11,2.0,LEFT,HUMAN
2025-07-31T17:14:49.303303,HUMAN_20250731_171449_27,MOVING,7.9,3.00882761097284,4.738122901318147,1.42,7.74,0.65,0.11,2.0,LEFT,HUMAN
2025-07-31T17:14:49.711229,HUMAN_20250731_171449_27,MOVING,7.9,3.00882761097284,4.738122901318147,1.42,7.74,0.65,0.11,2.0,LEFT,HUMAN
2025-07-31T17:14:50.103604,HUMAN_20250731_171450_27,MOVING,7.9,3.00882761097284,4.738122901318147,1.42,7.74,0.65,0.11,2.0,LEFT,HUMAN
2025-07-31T17:14:50.489797,HUMAN_20250731_171450_27,MOVING,7.9,3.00882761097284,4.738122901318147,1.42,7.74,0.65,0.11,2.0,LEFT,HUMAN
2025-07-31T17:14:50.873035,HUMAN_20250731_171450_27,MOVING,7.9,3.00882761097284,4.738122901318147,1.42,7.74,0.65,0.11,2.0,LEFT,HUMAN
2025-07-31T17:14:51.255358,HUMAN_20250731_171451_27,MOVING,7.9,3.00882761097284,4.738122901318147,1.42,7.74,0.65,0.11,2.0,LEFT,HUMAN
2025-07-31T17:14:51.643262,HUMAN_20250731_171451_27,MOVING,7.9,3.00882761097284,4.738122901318147,1.42,7.74,0.65,0.11,2.0,LEFT,HUMAN
2025-07-31T17:14:52.097847,HUMAN_20250731_171452_27,MOVING,7.9,3.00882761097284,4.738122901318147,1.42,7.74,0.65,0.11,2.0,LEFT,HUMAN
2025-07-31T17:14:52.552431,HUMAN_20250731_171452_27,MOVING,7.9,3.00882761097284,4.738122901318147,1.42,7.74,0.65,0.11,2.0,LEFT,HUMAN
2025-07-31T17:14:52.939588,HUMAN_20250731_171452_27,MOVING,7.9,3.00882761097284,4.738122901318147,1.42,7.74,0.65,0.11,2.0,LEFT,HUMAN
2025-07-31T17:14:53.321410,HUMAN_20250731_171453_27,MOVING,7.9,3.00882761097284,4.738122901318147,1.42,7.74,0.65,0.11,2.0,LEFT,HUMAN
2025-07-31T17:14:53.715292,HUMAN_20250731_171453_27,MOVING,7.9,3.00882761097284,4.738122901318147,1.42,7.74,0.65,0.11,2.0,LEFT,HUMAN
2025-07-31T17:14:54.104959,HUMAN_20250731_171454_27,MOVING,7.9,3.00882761097284,4.738122901318147,1.42,7.74,0.65,0.11,2.0,LEFT,HUMAN
2025-07-31T17:14:54.490951,HUMAN_20250731_171454_27,MOVING,7.9,3.00882761097284,4.738122901318147,1.42,7.74,0.65,0.11,2.0,LEFT,HUMAN
2025-07-31T17:14:54.872758,HUMAN_20250731_171454_27,MOVING,7.9,3.00882761097284,4.738122901318147,1.42,7.74,0.65,0.11,2.0,LEFT,HUMAN
2025-07-31T17:14:55.257286,HUMAN_20250731_171455_27,MOVING,7.9,3.00882761097284,4.738122901318147,1.42,7.74,0.65,0.11,2.0,LEFT,HUMAN
2025-07-31T17:14:55.649201,HUMAN_20250731_171455_27,MOVING,7.9,3.00882761097284,4.738122901318147,1.42,7.74,0.65,0.11,2.0,LEFT,HUMAN
2025-07-31T17:14:56.057553,HUMAN_20250731_171456_27,MOVING,7.9,3.00882761097284,4.738122901318147,1.42,7.74,0.65,0.11,2.0,LEFT,HUMAN
2025-07-31T17:14:56.456918,HUMAN_20250731_171456_27,MOVING,7.9,3.00882761097284,4.738122901318147,1.42,7.74,0.65,0.11,2.0,LEFT,HUMAN
2025-07-31T17:14:56.857642,HUMAN_20250731_171456_27,MOVING,7.9,3.00882761097284,4.738122901318147,1.42,7.74,0.65,0.11,2.0,LEFT,HUMAN
2025-07-31T17:14:57.274143,HUMAN_20250731_171457_27,MOVING,7.9,3.00882761097284,4.738122901318147,1.42,7.74,0.65,0.11,2.0,LEFT,HUMAN
2025-07-31T17:14:57.727528,HUMAN_20250731_171457_27,MOVING,7.9,3.00882761097284,4.738122901318147,1.42,7.74,0.65,0.11,2.0,LEFT,HUMAN
2025-07-31T17:14:58.355317,HUMAN_20250731_171458_27,MOVING,7.9,3.00882761097284,4.738122901318147,1.42,7.74,0.65,0.11,2.0,LEFT,HUMAN
2025-07-31T17:14:58.754861,HUMAN_20250731_171458_27,MOVING,7.9,3.00882761097284,4.738122901318147,1.42,7.74,0.65,0.11,2.0,LEFT,HUMAN
2025-07-31T17:14:59.153288,HUMAN_20250731_171459_27,MOVING,8.67,1.9319865189687553,6.505826782330008,0.91,8.57,0.98,0.11,2.0,AWAY,HUMAN
2025-07-31T17:14:59.540074,HUMAN_20250731_171459_27,MOVING,8.65,1.9284810482426225,6.3550145230533435,0.91,8.55,0.96,0.13,2.0,AWAY,HUMAN
2025-07-31T17:14:59.942542,HUMAN_20250731_171459_27,MOVING,8.63,1.8814837916128164,6.488905237574971,0.89,8.53,0.98,0.16,2.0,AWAY,HUMAN
2025-07-31T17:15:00.330379,HUMAN_20250731_171500_27,MOVING,8.63,1.8814837916128164,6.488905237574971,0.89,8.53,0.98,0.16,2.0,AWAY,HUMAN
2025-07-31T17:15:00.714961,HUMAN_20250731_171500_27,MOVING,8.63,1.8814837916128164,6.488905237574971,0.89,8.53,0.98,0.16,2.0,AWAY,HUMAN
2025-07-31T17:15:01.107397,HUMAN_20250731_171501_27,MOVING,8.62,1.8820708071741683,6.3794273170099824,0.89,8.52,0.96,0.17,2.0,AWAY,HUMAN
2025-07-31T17:15:01.544590,HUMAN_20250731_171501_27,MOVING,8.62,1.8820708071741683,6.3794273170099824,0.89,8.52,0.96,0.17,2.0,AWAY,HUMAN
2025-07-31T17:15:02.103677,HUMAN_20250731_171502_27,MOVING,8.62,1.8820708071741683,6.3794273170099824,0.89,8.52,0.96,0.17,2.0,AWAY,HUMAN
2025-07-31T17:15:02.496021,HUMAN_20250731_171502_27,MOVING,8.61,1.8826954741820259,6.333370626369254,0.89,8.51,0.95,0.19,2.0,AWAY,HUMAN
2025-07-31T17:15:02.884291,HUMAN_20250731_171502_27,MOVING,8.59,1.8946354479950138,6.250897035268447,0.89,8.49,0.94,0.2,2.0,AWAY,HUMAN
2025-07-31T17:15:03.268600,HUMAN_20250731_171503_27,MOVING,8.58,1.8780971362241619,6.13864235308079,0.89,8.48,0.92,0.22,2.0,AWAY,HUMAN
2025-07-31T17:15:03.649880,HUMAN_20250731_171503_27,MOVING,8.58,1.8780971362241619,6.13864235308079,0.89,8.48,0.92,0.22,2.0,AWAY,HUMAN
2025-07-31T17:15:04.040473,HUMAN_20250731_171504_27,MOVING,8.56,1.8697440293233392,6.178229996711447,0.88,8.47,0.92,0.23,2.0,AWAY,HUMAN
2025-07-31T17:15:04.427024,HUMAN_20250731_171504_27,MOVING,8.55,1.8681296496631357,6.045785205828306,0.88,8.45,0.9,0.25,2.0,AWAY,HUMAN
2025-07-31T17:15:04.816504,HUMAN_20250731_171504_27,MOVING,8.53,1.912294369839472,5.8913832671542545,0.9,8.44,0.88,0.26,2.0,AWAY,HUMAN
2025-07-31T17:15:05.200299,HUMAN_20250731_171505_27,MOVING,8.52,1.9334446217391628,5.791399747839292,0.91,8.43,0.86,0.26,2.0,AWAY,HUMAN
2025-07-31T17:15:05.587658,HUMAN_20250731_171505_27,MOVING,8.52,1.9334446217391628,5.791399747839292,0.91,8.43,0.86,0.26,2.0,AWAY,HUMAN
2025-07-31T17:15:05.973744,HUMAN_20250731_171505_27,MOVING,8.49,1.9046885456038172,5.657924417423925,0.9,8.4,0.84,0.28,2.0,AWAY,HUMAN
2025-07-31T17:15:06.373931,HUMAN_20250731_171506_27,MOVING,8.1,3.328933028789238,5.158604353508589,1.57,7.91,0.73,0.21,2.0,LEFT,HUMAN
2025-07-31T17:15:06.765712,HUMAN_20250731_171506_27,MOVING,8.1,3.328933028789238,5.158604353508589,1.57,7.91,0.73,0.21,2.0,LEFT,HUMAN
2025-07-31T17:15:07.154933,HUMAN_20250731_171507_27,MOVING,8.1,3.328933028789238,5.158604353508589,1.57,7.91,0.73,0.21,2.0,LEFT,HUMAN
2025-07-31T17:15:07.566839,HUMAN_20250731_171507_27,MOVING,8.1,3.328933028789238,5.158604353508589,1.57,7.91,0.73,0.21,2.0,LEFT,HUMAN
2025-07-31T17:15:07.957089,HUMAN_20250731_171507_27,MOVING,8.1,3.328933028789238,5.158604353508589,1.57,7.91,0.73,0.21,2.0,LEFT,HUMAN
2025-07-31T17:15:08.345598,HUMAN_20250731_171508_27,MOVING,8.1,3.328933028789238,5.158604353508589,1.57,7.91,0.73,0.21,2.0,LEFT,HUMAN
2025-07-31T17:15:08.732150,HUMAN_20250731_171508_27,MOVING,8.1,3.328933028789238,5.158604353508589,1.57,7.91,0.73,0.21,2.0,LEFT,HUMAN
2025-07-31T17:15:09.125863,HUMAN_20250731_171509_27,MOVING,8.1,3.328933028789238,5.158604353508589,1.57,7.91,0.73,0.21,2.0,LEFT,HUMAN
2025-07-31T17:15:09.524199,HUMAN_20250731_171509_27,MOVING,8.1,3.328933028789238,5.158604353508589,1.57,7.91,0.73,0.21,2.0,LEFT,HUMAN
2025-07-31T17:15:09.974967,HUMAN_20250731_171509_27,MOVING,8.1,3.328933028789238,5.158604353508589,1.57,7.91,0.73,0.21,2.0,LEFT,HUMAN
2025-07-31T17:15:10.424231,HUMAN_20250731_171510_27,MOVING,8.1,3.328933028789238,5.158604353508589,1.57,7.91,0.73,0.21,2.0,LEFT,HUMAN
2025-07-31T17:15:10.874085,HUMAN_20250731_171510_27,MOVING,8.1,3.328933028789238,5.158604353508589,1.57,7.91,0.73,0.21,2.0,LEFT,HUMAN
2025-07-31T17:15:11.261776,HUMAN_20250731_171511_27,MOVING,8.1,3.328933028789238,5.158604353508589,1.57,7.91,0.73,0.21,2.0,LEFT,HUMAN
2025-07-31T17:15:11.645789,HUMAN_20250731_171511_27,MOVING,8.1,3.328933028789238,5.158604353508589,1.57,7.91,0.73,0.21,2.0,LEFT,HUMAN
2025-07-31T17:15:13.136734,HUMAN_20250731_171513_27,SPEEDING,8.07,0.0,0.0,1.21,7.94,0.79,0.66,2.0,LEFT,HUMAN
2025-07-31T17:15:13.136734,HUMAN_20250731_171513_25,STATIONARY,7.38,0.0,0.0,0.61,7.35,0.28,0.01,2.0,STATIC,HUMAN
2025-07-31T17:15:13.613445,HUMAN_20250731_171513_27,SPEEDING,8.06,0.0,0.0,1.12,7.95,0.69,0.75,2.0,LEFT,HUMAN
2025-07-31T17:15:13.613445,HUMAN_20250731_171513_25,STATIONARY,7.38,0.0,0.0,0.61,7.35,0.28,0.01,2.0,STATIC,HUMAN
2025-07-31T17:15:14.082991,HUMAN_20250731_171514_27,SPEEDING,8.03,0.0,0.0,1.04,7.93,0.67,0.82,2.0,LEFT,HUMAN
2025-07-31T17:15:14.082991,HUMAN_20250731_171514_25,STATIONARY,7.38,0.0,0.0,0.61,7.35,0.28,0.01,2.0,STATIC,HUMAN
2025-07-31T17:15:14.546428,HUMAN_20250731_171514_27,SPEEDING,8.05,0.0,0.0,1.19,7.93,0.68,0.58,2.0,LEFT,HUMAN
2025-07-31T17:15:14.546428,HUMAN_20250731_171514_25,STATIONARY,7.38,0.0,0.0,0.61,7.35,0.28,0.01,2.0,STATIC,HUMAN
2025-07-31T17:15:15.010401,HUMAN_20250731_171515_27,SPEEDING,8.05,0.0,0.0,1.19,7.94,0.68,0.56,2.0,LEFT,HUMAN
2025-07-31T17:15:15.010401,HUMAN_20250731_171515_25,STATIONARY,7.38,0.0,0.0,0.61,7.35,0.28,0.01,2.0,STATIC,HUMAN
2025-07-31T17:15:15.472777,HUMAN_20250731_171515_27,MOVING,8.06,0.0,0.0,1.32,7.93,0.63,0.35,2.0,LEFT,HUMAN
2025-07-31T17:15:15.472777,HUMAN_20250731_171515_25,STATIONARY,7.38,0.0,0.0,0.61,7.35,0.28,0.01,2.0,STATIC,HUMAN
2025-07-31T17:15:15.931110,HUMAN_20250731_171515_27,MOVING,8.06,0.0,0.0,1.26,7.94,0.61,0.41,2.0,LEFT,HUMAN
2025-07-31T17:15:15.931110,HUMAN_20250731_171515_25,STATIONARY,7.38,0.0,0.0,0.61,7.35,0.28,0.01,2.0,STATIC,HUMAN
2025-07-31T17:15:16.389385,HUMAN_20250731_171516_27,MOVING,8.05,0.0,0.0,1.22,7.93,0.61,0.44,2.0,LEFT,HUMAN
2025-07-31T17:15:16.389385,HUMAN_20250731_171516_25,STATIONARY,7.38,0.0,0.0,0.61,7.35,0.28,0.01,2.0,STATIC,HUMAN
2025-07-31T17:15:16.869618,HUMAN_20250731_171516_27,SPEEDING,7.98,0.0,0.0,1.08,7.89,0.53,0.61,2.0,LEFT,HUMAN
2025-07-31T17:15:16.869618,HUMAN_20250731_171516_25,STATIONARY,7.38,0.0,0.0,0.61,7.35,0.28,0.01,2.0,STATIC,HUMAN
2025-07-31T17:15:17.344075,HUMAN_20250731_171517_27,SPEEDING,7.96,0.0,0.0,1.03,7.88,0.51,0.64,2.0,LEFT,HUMAN
2025-07-31T17:15:17.344075,HUMAN_20250731_171517_25,STATIONARY,7.38,0.0,0.0,0.61,7.35,0.28,0.01,2.0,STATIC,HUMAN
2025-07-31T17:15:17.744937,HUMAN_20250731_171517_27,SPEEDING,7.96,0.0,0.0,0.99,7.88,0.49,0.67,2.0,LEFT,HUMAN
2025-07-31T17:15:17.744937,HUMAN_20250731_171517_25,STATIONARY,7.38,0.0,0.0,0.61,7.35,0.28,0.01,2.0,STATIC,HUMAN
2025-07-31T17:15:18.164739,HUMAN_20250731_171518_27,MOVING,8.42,0.0,0.0,0.85,8.36,0.52,0.23,2.0,AWAY,HUMAN
2025-07-31T17:15:18.164739,HUMAN_20250731_171518_25,STATIONARY,7.38,0.0,0.0,0.61,7.35,0.28,0.01,2.0,STATIC,HUMAN
2025-07-31T17:15:18.560670,HUMAN_20250731_171518_27,MOVING,8.39,0.0,0.0,0.87,8.32,0.57,0.28,2.0,AWAY,HUMAN
2025-07-31T17:15:18.560670,HUMAN_20250731_171518_25,STATIONARY,7.38,0.0,0.0,0.61,7.35,0.28,0.01,2.0,STATIC,HUMAN
2025-07-31T17:15:18.953686,HUMAN_20250731_171518_27,MOVING,8.36,0.0,0.0,0.89,8.29,0.57,0.32,2.0,AWAY,HUMAN
2025-07-31T17:15:18.953686,HUMAN_20250731_171518_25,STATIONARY,7.38,0.0,0.0,0.61,7.35,0.28,0.01,2.0,STATIC,HUMAN
2025-07-31T17:15:19.355710,HUMAN_20250731_171519_27,SPEEDING,8.31,0.0,0.0,1.13,8.21,0.61,0.63,2.0,RIGHT,HUMAN
2025-07-31T17:15:19.355710,HUMAN_20250731_171519_25,STATIONARY,7.38,0.0,0.0,0.61,7.35,0.28,0.01,2.0,STATIC,HUMAN
2025-07-31T17:15:20.165800,HUMAN_20250731_171520_25,STATIONARY,7.38,0.0,0.0,0.61,7.35,0.28,0.01,2.0,STATIC,HUMAN
2025-07-31T17:15:20.165800,HUMAN_20250731_171520_10,MOVING,8.42,0.0,0.0,0.74,8.37,0.52,0.1,2.0,AWAY,HUMAN
2025-07-31T17:15:20.593983,HUMAN_20250731_171520_25,STATIONARY,7.38,0.0,0.0,0.61,7.35,0.28,0.01,2.0,STATIC,HUMAN
2025-07-31T17:15:20.593983,HUMAN_20250731_171520_10,MOVING,8.42,0.0,0.0,0.74,8.37,0.52,0.1,2.0,AWAY,HUMAN
2025-07-31T17:15:20.997331,HUMAN_20250731_171520_25,STATIONARY,7.38,0.0,0.0,0.61,7.35,0.28,0.01,2.0,STATIC,HUMAN
2025-07-31T17:15:20.997331,HUMAN_20250731_171520_10,MOVING,8.41,0.0,0.0,0.72,8.36,0.53,0.19,2.0,AWAY,HUMAN
2025-07-31T17:15:21.404986,HUMAN_20250731_171521_25,STATIONARY,7.38,0.0,0.0,0.61,7.35,0.28,0.01,2.0,STATIC,HUMAN
2025-07-31T17:15:21.404986,HUMAN_20250731_171521_10,MOVING,8.4,0.0,0.0,0.71,8.35,0.53,0.26,2.0,AWAY,HUMAN
2025-07-31T17:15:21.831785,HUMAN_20250731_171521_25,STATIONARY,7.38,0.0,0.0,0.61,7.35,0.28,0.01,2.0,STATIC,HUMAN
2025-07-31T17:15:21.831785,HUMAN_20250731_171521_10,MOVING,8.4,0.0,0.0,0.71,8.35,0.53,0.26,2.0,AWAY,HUMAN
2025-07-31T17:15:22.461033,HUMAN_20250731_171522_25,STATIONARY,7.38,0.0,0.0,0.61,7.35,0.28,0.01,2.0,STATIC,HUMAN
2025-07-31T17:15:22.461033,HUMAN_20250731_171522_10,MOVING,8.36,0.0,0.0,0.67,8.32,0.53,0.52,2.0,AWAY,HUMAN
2025-07-31T17:15:22.865663,HUMAN_20250731_171522_25,STATIONARY,7.38,0.0,0.0,0.61,7.35,0.28,0.01,2.0,STATIC,HUMAN
2025-07-31T17:15:22.865663,HUMAN_20250731_171522_10,SPEEDING,8.36,0.0,0.0,0.66,8.31,0.51,0.55,2.0,AWAY,HUMAN
2025-07-31T17:15:23.265100,HUMAN_20250731_171523_25,STATIONARY,7.38,0.0,0.0,0.61,7.35,0.28,0.01,2.0,STATIC,HUMAN
2025-07-31T17:15:23.265100,HUMAN_20250731_171523_10,SPEEDING,8.34,0.0,0.0,0.61,8.31,0.44,0.7,2.0,LEFT,HUMAN
2025-07-31T17:15:23.666409,HUMAN_20250731_171523_25,STATIONARY,7.38,0.0,0.0,0.61,7.35,0.28,0.01,2.0,STATIC,HUMAN
2025-07-31T17:15:23.666409,HUMAN_20250731_171523_10,SPEEDING,8.34,0.0,0.0,0.6,8.31,0.44,0.71,2.0,LEFT,HUMAN
2025-07-31T17:15:24.794045,HUMAN_20250731_171524_25,STATIONARY,8.12,3.9683744780900736,5.898068388360147,1.73,7.89,0.83,0.0,2.0,STATIC,HUMAN
2025-07-31T17:15:25.241558,HUMAN_20250731_171525_25,STATIONARY,8.12,3.9683744780900736,5.898068388360147,1.73,7.89,0.83,0.0,2.0,STATIC,HUMAN
2025-07-31T17:15:25.699500,HUMAN_20250731_171525_25,STATIONARY,8.12,3.9683744780900736,5.898068388360147,1.73,7.89,0.83,0.0,2.0,STATIC,HUMAN
2025-07-31T17:15:26.150491,HUMAN_20250731_171526_25,STATIONARY,8.12,3.9447710647171017,5.800011670729582,1.72,7.89,0.82,0.01,2.0,STATIC,HUMAN
2025-07-31T17:15:26.601047,HUMAN_20250731_171526_25,STATIONARY,8.12,3.91457032554678,5.780611241571596,1.71,7.89,0.82,0.02,2.0,STATIC,HUMAN
2025-07-31T17:15:27.058979,HUMAN_20250731_171527_25,STATIONARY,8.11,3.871133929749767,5.631422325014485,1.69,7.9,0.8,0.04,2.0,STATIC,HUMAN
2025-07-31T17:15:27.446499,HUMAN_20250731_171527_25,STATIONARY,8.11,3.8468750160258742,5.558446059474067,1.68,7.9,0.79,0.05,2.0,STATIC,HUMAN
2025-07-31T17:15:27.843589,HUMAN_20250731_171527_25,STATIONARY,8.11,3.8468750160258742,5.558446059474067,1.68,7.9,0.79,0.05,2.0,STATIC,HUMAN
2025-07-31T17:15:28.308404,HUMAN_20250731_171528_25,STATIONARY,8.11,3.8468750160258742,5.558446059474067,1.68,7.9,0.79,0.05,2.0,STATIC,HUMAN
2025-07-31T17:15:28.722756,HUMAN_20250731_171528_25,MOVING,8.08,3.394986240892392,5.231255638445771,1.48,7.91,0.74,0.09,2.0,LEFT,HUMAN
2025-07-31T17:15:29.119863,HUMAN_20250731_171529_25,MOVING,8.08,3.394986240892392,5.231255638445771,1.48,7.91,0.74,0.09,2.0,LEFT,HUMAN
2025-07-31T17:15:29.506057,HUMAN_20250731_171529_25,MOVING,8.08,3.394986240892392,5.231255638445771,1.48,7.91,0.74,0.09,2.0,LEFT,HUMAN
2025-07-31T17:15:29.887943,HUMAN_20250731_171529_25,MOVING,8.07,0.0,0.0,1.45,7.91,0.72,0.12,2.0,LEFT,HUMAN
2025-07-31T17:15:29.887943,HUMAN_20250731_171529_18,MOVING,11.34,0.0,0.0,-1.39,11.19,1.15,0.14,2.0,AWAY,HUMAN
2025-07-31T17:15:30.292483,HUMAN_20250731_171530_25,MOVING,8.07,0.0,0.0,1.45,7.91,0.72,0.12,2.0,LEFT,HUMAN
2025-07-31T17:15:30.292483,HUMAN_20250731_171530_18,MOVING,11.33,0.0,0.0,-1.38,11.19,1.14,0.14,2.0,AWAY,HUMAN
2025-07-31T17:15:30.689916,HUMAN_20250731_171530_25,MOVING,8.07,0.0,0.0,1.45,7.91,0.72,0.12,2.0,LEFT,HUMAN
2025-07-31T17:15:30.689916,HUMAN_20250731_171530_18,MOVING,11.32,0.0,0.0,-1.38,11.18,1.14,0.14,2.0,AWAY,HUMAN
2025-07-31T17:15:31.150739,HUMAN_20250731_171531_25,MOVING,8.07,0.0,0.0,1.45,7.91,0.72,0.12,2.0,LEFT,HUMAN
2025-07-31T17:15:31.150739,HUMAN_20250731_171531_18,STATIONARY,11.31,0.0,0.0,-1.38,11.17,1.14,0.0,2.0,STATIC,HUMAN
2025-07-31T17:15:31.609872,HUMAN_20250731_171531_25,MOVING,8.07,0.0,0.0,1.45,7.91,0.72,0.12,2.0,LEFT,HUMAN
2025-07-31T17:15:31.609872,HUMAN_20250731_171531_18,STATIONARY,11.31,0.0,0.0,-1.39,11.17,1.14,0.02,2.0,STATIC,HUMAN
2025-07-31T17:15:32.072836,HUMAN_20250731_171532_25,MOVING,8.07,0.0,0.0,1.45,7.91,0.72,0.12,2.0,LEFT,HUMAN
2025-07-31T17:15:32.072836,HUMAN_20250731_171532_18,STATIONARY,11.31,0.0,0.0,-1.39,11.17,1.14,0.02,2.0,STATIC,HUMAN
2025-07-31T17:15:32.481773,HUMAN_20250731_171532_25,MOVING,8.07,0.0,0.0,1.45,7.91,0.72,0.12,2.0,LEFT,HUMAN
2025-07-31T17:15:32.481773,HUMAN_20250731_171532_18,STATIONARY,11.31,0.0,0.0,-1.39,11.17,1.14,0.02,2.0,STATIC,HUMAN
2025-07-31T17:15:32.958921,HUMAN_20250731_171532_25,MOVING,8.07,0.0,0.0,1.45,7.91,0.72,0.12,2.0,LEFT,HUMAN
2025-07-31T17:15:32.958921,HUMAN_20250731_171532_18,STATIONARY,11.31,0.0,0.0,-1.39,11.17,1.14,0.02,2.0,STATIC,HUMAN
2025-07-31T17:15:33.430176,HUMAN_20250731_171533_25,MOVING,8.07,3.3208988025943698,5.144222771736668,1.45,7.91,0.72,0.12,2.0,LEFT,HUMAN
2025-07-31T17:15:33.937815,HUMAN_20250731_171533_25,MOVING,8.07,3.3208988025943698,5.144222771736668,1.45,7.91,0.72,0.12,2.0,LEFT,HUMAN
2025-07-31T17:15:34.399883,HUMAN_20250731_171534_25,MOVING,8.07,3.3208988025943698,5.144222771736668,1.45,7.91,0.72,0.12,2.0,LEFT,HUMAN
2025-07-31T17:15:34.853041,HUMAN_20250731_171534_25,MOVING,8.07,3.3208988025943698,5.144222771736668,1.45,7.91,0.72,0.12,2.0,LEFT,HUMAN
2025-07-31T17:15:35.240597,HUMAN_20250731_171535_25,MOVING,8.07,3.3208988025943698,5.144222771736668,1.45,7.91,0.72,0.12,2.0,LEFT,HUMAN
2025-07-31T17:15:35.844063,HUMAN_20250731_171535_25,MOVING,8.07,0.0,0.0,1.45,7.91,0.72,0.12,2.0,LEFT,HUMAN
2025-07-31T17:15:35.844063,HUMAN_20250731_171535_21,STATIONARY,0.53,0.0,0.0,-0.53,0.0,0.0,0.0,2.0,STATIC,HUMAN
2025-07-31T17:15:41.702059,HUMAN_20250731_171541_25,STATIONARY,8.03,2.449263478224739,4.182265661037226,1.07,7.94,0.59,0.0,2.0,STATIC,HUMAN
2025-07-31T17:15:42.098171,HUMAN_20250731_171542_25,STATIONARY,8.03,2.449263478224739,4.182265661037226,1.07,7.94,0.59,0.0,2.0,STATIC,HUMAN
2025-07-31T17:15:42.495631,HUMAN_20250731_171542_25,STATIONARY,8.03,2.449263478224739,4.182265661037226,1.07,7.94,0.59,0.0,2.0,STATIC,HUMAN
2025-07-31T17:15:42.924504,HUMAN_20250731_171542_25,STATIONARY,8.03,2.449263478224739,4.182265661037226,1.07,7.94,0.59,0.0,2.0,STATIC,HUMAN
2025-07-31T17:15:43.382946,HUMAN_20250731_171543_25,STATIONARY,8.03,2.449263478224739,4.182265661037226,1.07,7.94,0.59,0.0,2.0,STATIC,HUMAN
2025-07-31T17:15:43.840432,HUMAN_20250731_171543_25,STATIONARY,8.03,2.449263478224739,4.182265661037226,1.07,7.94,0.59,0.0,2.0,STATIC,HUMAN
2025-07-31T17:15:44.361402,HUMAN_20250731_171544_25,STATIONARY,8.03,2.449263478224739,4.182265661037226,1.07,7.94,0.59,0.0,2.0,STATIC,HUMAN
2025-07-31T17:15:44.847944,HUMAN_20250731_171544_25,STATIONARY,8.03,2.449263478224739,4.182265661037226,1.07,7.94,0.59,0.0,2.0,STATIC,HUMAN
2025-07-31T17:15:45.319811,HUMAN_20250731_171545_25,STATIONARY,8.03,2.449263478224739,4.182265661037226,1.07,7.94,0.59,0.0,2.0,STATIC,HUMAN
2025-07-31T17:15:45.778741,HUMAN_20250731_171545_25,STATIONARY,8.03,2.449263478224739,4.182265661037226,1.07,7.94,0.59,0.0,2.0,STATIC,HUMAN
